objectID,title,artistDisplayName,artistRole,objectDate,period,culture,medium,dimensions,department,objectURL,primaryImage,primaryImageSmall,isPublicDomain,localImageFileName,artist_slug,object_year,has_local_image,image_path,metadata_source
764091,Our Lady of Valvanera,Unknown Artist,Artist,ca. 1770–80,,Peru (Cuzco),Oil and gold on canvas,80 1/16 × 95 7/8 in. (203.4 × 243.5 cm),The American Wing,https://www.metmuseum.org/art/collection/search/764091,https://images.metmuseum.org/CRDImages/ad/original/DP-17034-002.jpg,https://images.metmuseum.org/CRDImages/ad/web-large/DP-17034-002.jpg,True,unknown_artist_764091.jpg,unknown_artist,1770.0,True,met_art_data/images/unknown_artist_764091.jpg,met_collection_api_2026-04-09
453250,Study of a Bird,Riza-yi 'Abbasi,Artist,dated 1043 AH/1634 CE,,,"Ink, opaque watercolor, gold, and silver on paper","Overall:
             H. 4 1/4 in. (10.8 cm)
             W. 7 1/4 in. (18.4 cm)
Painting:
             H.3 7/8 in. (9.8 cm)
             W. 6 7/8 in. (17.5 cm)",Islamic Art,https://www.metmuseum.org/art/collection/search/453250,https://images.metmuseum.org/CRDImages/is/original/DP231354.jpg,https://images.metmuseum.org/CRDImages/is/web-large/DP231354.jpg,True,rizayi_abbasi_453250.jpg,rizayi_abbasi,1043.0,True,met_art_data/images/rizayi_abbasi_453250.jpg,met_collection_api_2026-04-09
469887,Martyrdom of Saint Lawrence,Unknown Artist,,ca. 1180,,British,"Pot-metal glass, vitreous paint",Overall: 25 9/16 x 12 5/8in. (65 x 32cm),The Cloisters,https://www.metmuseum.org/art/collection/search/469887,https://images.metmuseum.org/CRDImages/cl/original/DP102842.jpg,https://images.metmuseum.org/CRDImages/cl/web-large/DP102842.jpg,True,unknown_artist_469887.jpg,unknown_artist,1180.0,True,met_art_data/images/unknown_artist_469887.jpg,met_collection_api_2026-04-09
764095,"Christ Carrying the Cross, called ""The Lord of the Fall""",Unknown Artist,Artist,ca. 1770–75,,Peru (Cuzco),Oil and gold on canvas,65 × 48 in. (165.1 × 121.9 cm),The American Wing,https://www.metmuseum.org/art/collection/search/764095,https://images.metmuseum.org/CRDImages/ad/original/DP-18755-007.jpg,https://images.metmuseum.org/CRDImages/ad/web-large/DP-18755-007.jpg,True,unknown_artist_764095.jpg,unknown_artist,1770.0,True,met_art_data/images/unknown_artist_764095.jpg,met_collection_api_2026-04-09
551786,"Book of the Dead of the Priest of Horus, Imhotep (Imuthes)",Unknown Artist,,ca. 332–200 B.C.,Early Ptolemaic Period,,"Papyrus, ink",Approximate measurements (framed): L. 21.9 m (71 ft. 10 3/16 in); H. 35 cm (1 ft. 1 3/4 in.). Length previously estimated at 63 ft. (19.2 m).,Egyptian Art,https://www.metmuseum.org/art/collection/search/551786,https://images.metmuseum.org/CRDImages/eg/original/2-35.9.20a–w_EGDP014589-4594.jpg,https://images.metmuseum.org/CRDImages/eg/web-large/2-35.9.20a–w_EGDP014589-4594.jpg,True,unknown_artist_551786.jpg,unknown_artist,332.0,True,met_art_data/images/unknown_artist_551786.jpg,met_collection_api_2026-04-09
729644,"In proof of true love, a watercarrier skeleton arguing with a woman (Posada); two skeleton angels in upper corners (Manilla)",José Guadalupe Posada,Artist,ca. 1890–96,,,Type-metal engraving and letterpress,Sheet: 15 3/4 × 11 13/16 in. (40 × 30 cm),Drawings and Prints,https://www.metmuseum.org/art/collection/search/729644,https://images.metmuseum.org/CRDImages/dp/original/DP865112.jpg,https://images.metmuseum.org/CRDImages/dp/web-large/DP865112.jpg,True,jos_guadalupe_posada_729644.jpg,jos_guadalupe_posada,1890.0,True,met_art_data/images/jos_guadalupe_posada_729644.jpg,met_collection_api_2026-04-09
643540,Portrait of a Woman,Giovanni Battista Gaulli (Il Baciccio),Artist,ca. 1670s,,,Oil on canvas,29 7/8 × 23 3/8 in. (75.9 × 59.4 cm),European Paintings,https://www.metmuseum.org/art/collection/search/643540,https://images.metmuseum.org/CRDImages/ep/original/DP341866.jpg,https://images.metmuseum.org/CRDImages/ep/web-large/DP341866.jpg,True,giovanni_battista_gaulli_il_baciccio_643540.jpg,giovanni_battista_gaulli_il_baciccio,1670.0,True,met_art_data/images/giovanni_battista_gaulli_il_baciccio_643540.jpg,met_collection_api_2026-04-09
472562,The Fieschi Morgan Staurotheke,Unknown Artist,,early 9th century,,Byzantine,"Gilded silver, gold, enamel worked in cloisonné, and niello","Overall (with lid): 1 1/16 x 4 1/16 x 2 13/16 in. (2.7 x 10.3 x 7.1 cm)
lid only: 2 13/16 x 3 7/8 x 1/8 in. (7.1 x 9.8 x 0.3 cm)
vessel only: 7/8 x 2 15/16 x 4 in. (2.2 x 7.5 x 10.1 cm)",Medieval Art,https://www.metmuseum.org/art/collection/search/472562,https://images.metmuseum.org/CRDImages/md/original/DT119.jpg,https://images.metmuseum.org/CRDImages/md/web-large/DT119.jpg,True,unknown_artist_472562.jpg,unknown_artist,,True,met_art_data/images/unknown_artist_472562.jpg,met_collection_api_2026-04-09
437422,Charity,Guido Reni,Artist,ca. 1630,,,Oil on canvas,54 x 41 3/4 in. (137.2 x 106 cm),European Paintings,https://www.metmuseum.org/art/collection/search/437422,https://images.metmuseum.org/CRDImages/ep/original/DT10776.jpg,https://images.metmuseum.org/CRDImages/ep/web-large/DT10776.jpg,True,guido_reni_437422.jpg,guido_reni,1630.0,True,met_art_data/images/guido_reni_437422.jpg,met_collection_api_2026-04-09
544453,Head from a Statue of King Amenhotep I,Unknown Artist,,ca. 1525–1504 B.C.,New Kingdom,,"Sandstone, paint",H. 20 cm (7 7/8 in); weight 6.4 kg (14 lbs),Egyptian Art,https://www.metmuseum.org/art/collection/search/544453,https://images.metmuseum.org/CRDImages/eg/original/DP115769.jpg,https://images.metmuseum.org/CRDImages/eg/web-large/DP115769.jpg,True,unknown_artist_544453.jpg,unknown_artist,1525.0,True,met_art_data/images/unknown_artist_544453.jpg,met_collection_api_2026-04-09
448663,Bowl,Unknown Artist,,15th century,,,Stonepaste; painted in blue and black under transparent glaze,"H. 2 15/16 in. (7.5 cm)
Diam. 5 7/8 in. (14.9 cm)",Islamic Art,https://www.metmuseum.org/art/collection/search/448663,https://images.metmuseum.org/CRDImages/is/original/DP120820.jpg,https://images.metmuseum.org/CRDImages/is/web-large/DP120820.jpg,True,unknown_artist_448663.jpg,unknown_artist,,True,met_art_data/images/unknown_artist_448663.jpg,met_collection_api_2026-04-09
459027,"Portrait of a Woman, Possibly a Nun of San Secondo; (verso) Scene in Grisaille",Jacometto (Jacometto Veneziano),Artist,ca. 1485–95,,,Oil on wood; (verso: oil and gold on wood),"Overall 4 x 2 7/8 in. (10.2 x 7.3 cm); recto and verso, painted surface 3 3/4 x 2 1/2 in. (9.5 x 6.4 cm)",Robert Lehman Collection,https://www.metmuseum.org/art/collection/search/459027,https://images.metmuseum.org/CRDImages/rl/original/DP221483.jpg,https://images.metmuseum.org/CRDImages/rl/web-large/DP221483.jpg,True,jacometto_jacometto_veneziano_459027.jpg,jacometto_jacometto_veneziano,1485.0,True,met_art_data/images/jacometto_jacometto_veneziano_459027.jpg,met_collection_api_2026-04-09
459028,Portrait of Alvise Contarini(?); (verso) A Tethered Roebuck,Jacometto (Jacometto Veneziano),Artist,ca. 1485–95,,,Oil on wood; verso: oil and gold on wood,"Overall 4 5/8 x 3 3/8 in. ; recto, painted surface 4 1/8 x 3 1/8 in.; verso, painted surface 4 3/8 x 3 1/8 in.",Robert Lehman Collection,https://www.metmuseum.org/art/collection/search/459028,https://images.metmuseum.org/CRDImages/rl/original/DP221485.jpg,https://images.metmuseum.org/CRDImages/rl/web-large/DP221485.jpg,True,jacometto_jacometto_veneziano_459028.jpg,jacometto_jacometto_veneziano,1485.0,True,met_art_data/images/jacometto_jacometto_veneziano_459028.jpg,met_collection_api_2026-04-09
267019,"American Barque ""Jane Tudor,"" Conway Bay",David Johnson,Artist,ca. 1855,,,Salted paper print from glass negative,21.9 x 26.7 cm (8 5/8 x 10 1/2 in.),Photographs,https://www.metmuseum.org/art/collection/search/267019,https://images.metmuseum.org/CRDImages/ph/original/DT1161.jpg,https://images.metmuseum.org/CRDImages/ph/web-large/DT1161.jpg,True,david_johnson_267019.jpg,david_johnson,1855.0,True,met_art_data/images/david_johnson_267019.jpg,met_collection_api_2026-04-09
436492,Saint Christopher and the Infant Christ,Domenico Ghirlandaio (Domenico Bigordi),Artist,,,,Fresco,112 x 59 in. (284.5 x 149.9 cm),European Paintings,https://www.metmuseum.org/art/collection/search/436492,https://images.metmuseum.org/CRDImages/ep/original/EP371.jpg,https://images.metmuseum.org/CRDImages/ep/web-large/EP371.jpg,True,domenico_ghirlandaio_domenico_bigordi_436492.jpg,domenico_ghirlandaio_domenico_bigordi,,True,met_art_data/images/domenico_ghirlandaio_domenico_bigordi_436492.jpg,met_collection_api_2026-04-09
49068,Bamboo in Snow,Dapeng Zhengkun (Taihō Shōkon),Artist,1774,Edo period (1615–1868),Japan,Pair of hanging scrolls; ink on silk,"Image (each): 47 1/2 in. × 20 in. (120.7 × 50.8 cm)
Overall with mounting (each): 73 3/8 × 25 3/8 in. (186.4 × 64.5 cm)
Overall with knobs (each): 73 3/8 × 27 5/8 in. (186.4 × 70.2 cm)",Asian Art,https://www.metmuseum.org/art/collection/search/49068,https://images.metmuseum.org/CRDImages/as/original/DP276881.jpg,https://images.metmuseum.org/CRDImages/as/web-large/DP276881.jpg,True,dapeng_zhengkun_taih_shkon_49068.jpg,dapeng_zhengkun_taih_shkon,1774.0,True,met_art_data/images/dapeng_zhengkun_taih_shkon_49068.jpg,met_collection_api_2026-04-09
544320,Stela of the Steward Mentuwoser,Unknown Artist,,ca. 1944 B.C.,Middle Kingdom,,"Limestone, paint",H. 103 cm (40 9/16 in.); W. 50.5 cm (19 7/8 in.); Th. 8.3 cm (3 1/4 in.),Egyptian Art,https://www.metmuseum.org/art/collection/search/544320,https://images.metmuseum.org/CRDImages/eg/original/DP322064.jpg,https://images.metmuseum.org/CRDImages/eg/web-large/DP322064.jpg,True,unknown_artist_544320.jpg,unknown_artist,1944.0,True,met_art_data/images/unknown_artist_544320.jpg,met_collection_api_2026-04-09
437609,The Holy Family with the Young Saint John the Baptist,Andrea del Sarto (Andrea d'Agnolo),Artist,ca. 1528,,,Oil on wood,53 1/2 x 39 5/8 in. (135.9 x 100.6 cm),European Paintings,https://www.metmuseum.org/art/collection/search/437609,https://images.metmuseum.org/CRDImages/ep/original/DP295025.jpg,https://images.metmuseum.org/CRDImages/ep/web-large/DP295025.jpg,True,andrea_del_sarto_andrea_dagnolo_437609.jpg,andrea_del_sarto_andrea_dagnolo,1528.0,True,met_art_data/images/andrea_del_sarto_andrea_dagnolo_437609.jpg,met_collection_api_2026-04-09
590874,Tomb Chapel of Raemkai,Unknown Artist,,ca. 2446–2389 B.C.,Old Kingdom,,"Limestone, paint",Chapel: H. 213.4 x N-S axis: 434 x E-W axis: 117 cm (84 x 170 7/8 x 46 1/16 in.); Entrance: N-S. 55 x E-W. 137 cm (21 5/8 x 53 15/16 in.),Egyptian Art,https://www.metmuseum.org/art/collection/search/590874,https://images.metmuseum.org/CRDImages/eg/original/Gallery_102_3623.jpg,https://images.metmuseum.org/CRDImages/eg/web-large/Gallery_102_3623.jpg,True,unknown_artist_590874.jpg,unknown_artist,2446.0,True,met_art_data/images/unknown_artist_590874.jpg,met_collection_api_2026-04-09
436102,Virgin and Child with Four Angels,Gerard David,Artist,ca. 1510–15,,,Oil on wood,24 7/8 x 15 3/8 in. (63.2 x 39.1 cm),European Paintings,https://www.metmuseum.org/art/collection/search/436102,https://images.metmuseum.org/CRDImages/ep/original/DP-1410-001.jpg,https://images.metmuseum.org/CRDImages/ep/web-large/DP-1410-001.jpg,True,gerard_david_436102.jpg,gerard_david,1510.0,True,met_art_data/images/gerard_david_436102.jpg,met_collection_api_2026-04-09
544740,Yuny and His Wife Renenutet,Unknown Artist,,ca. 1294–1279 B.C.,"New Kingdom, Ramesside",,"Limestone, paint",H. 84.5 × W. 54.5 × D. 73 cm (33 1/4 × 21 7/16 × 28 3/4 in.),Egyptian Art,https://www.metmuseum.org/art/collection/search/544740,https://images.metmuseum.org/CRDImages/eg/original/DT549.jpg,https://images.metmuseum.org/CRDImages/eg/web-large/DT549.jpg,True,unknown_artist_544740.jpg,unknown_artist,1294.0,True,met_art_data/images/unknown_artist_544740.jpg,met_collection_api_2026-04-09
329077,Head of a ruler,Unknown Artist,,ca. 2300–2000 BCE,Early Bronze Age,,Copper alloy,13 9/16 × 8 3/8 × 9 3/16 in. (34.4 × 21.3 × 23.3 cm),Ancient West Asian Art,https://www.metmuseum.org/art/collection/search/329077,https://images.metmuseum.org/CRDImages/an/original/DP-23662-001.jpg,https://images.metmuseum.org/CRDImages/an/web-large/DP-23662-001.jpg,True,unknown_artist_329077.jpg,unknown_artist,2300.0,True,met_art_data/images/unknown_artist_329077.jpg,met_collection_api_2026-04-09
189425,The Louis XV Room,Jean-François Roumier,Maker,"ca. 1720–25, with later additions",,,"Carved, painted and gilded oak","Overall: H. 308 1/2 x W. 226 1/2 x D. 228in. (783.6 x 575.3 x 579.1cm);
Crate (mirror): H. 95 1/4 x W. 112 1/2 x D. 8 in. (241.9 x 285.8 x 20.3 cm)",European Sculpture and Decorative Arts,https://www.metmuseum.org/art/collection/search/189425,https://images.metmuseum.org/CRDImages/es/original/DP158819.jpg,https://images.metmuseum.org/CRDImages/es/web-large/DP158819.jpg,True,jeanfranois_roumier_189425.jpg,jeanfranois_roumier,1720.0,True,met_art_data/images/jeanfranois_roumier_189425.jpg,met_collection_api_2026-04-09
437261,The Penitence of Saint Jerome,Joachim Patinir,Artist,ca. 1515,,,Oil on wood,"Shaped top: central panel, overall, with engaged frame, 46 1/4 x 32 in. (117.5 x 81.3 cm); each wing, overall, with engaged frame, 47 1/2 x 14 in. (120.7 x 35.6 cm)",European Paintings,https://www.metmuseum.org/art/collection/search/437261,https://images.metmuseum.org/CRDImages/ep/original/DT5549.jpg,https://images.metmuseum.org/CRDImages/ep/web-large/DT5549.jpg,True,joachim_patinir_437261.jpg,joachim_patinir,1515.0,True,met_art_data/images/joachim_patinir_437261.jpg,met_collection_api_2026-04-09
436785,Honfleur,Johan Barthold Jongkind,Artist,1865,,,Oil on canvas,20 1/2 x 32 1/8 in. (52.1 x 81.6 cm),European Paintings,https://www.metmuseum.org/art/collection/search/436785,https://images.metmuseum.org/CRDImages/ep/original/DT1558.jpg,https://images.metmuseum.org/CRDImages/ep/web-large/DT1558.jpg,True,johan_barthold_jongkind_436785.jpg,johan_barthold_jongkind,1865.0,True,met_art_data/images/johan_barthold_jongkind_436785.jpg,met_collection_api_2026-04-09
437340,"Charles Maurice de Talleyrand Périgord (1754–1838), Prince de Talleyrand",Pierre Paul Prud'hon,Artist,1817,,,Oil on canvas,85 x 55 7/8 in. (215.9 x 141.9 cm),European Paintings,https://www.metmuseum.org/art/collection/search/437340,https://images.metmuseum.org/CRDImages/ep/original/DP148275.jpg,https://images.metmuseum.org/CRDImages/ep/web-large/DP148275.jpg,True,pierre_paul_prudhon_437340.jpg,pierre_paul_prudhon,1817.0,True,met_art_data/images/pierre_paul_prudhon_437340.jpg,met_collection_api_2026-04-09
207247,Shoulao,Chantilly,Factory,ca. 1735–40,,,Tin-glazed soft-paste porcelain decorataed in polychrome enamels,Overall (confirmed): 10 1/4 x 8 5/8 x 4 1/2 in. (26 x 21.9 x 11.4 cm),European Sculpture and Decorative Arts,https://www.metmuseum.org/art/collection/search/207247,https://images.metmuseum.org/CRDImages/es/original/DP156648.jpg,https://images.metmuseum.org/CRDImages/es/web-large/DP156648.jpg,True,chantilly_207247.jpg,chantilly,1735.0,True,met_art_data/images/chantilly_207247.jpg,met_collection_api_2026-04-09
435848,The Birth of the Virgin,Fra Carnevale (Bartolomeo di Giovanni Corradini),Artist,1467,,,Tempera and oil on wood,57 x 37 7/8 in. (144.8 x 96.2 cm),European Paintings,https://www.metmuseum.org/art/collection/search/435848,https://images.metmuseum.org/CRDImages/ep/original/DP109484.jpg,https://images.metmuseum.org/CRDImages/ep/web-large/DP109484.jpg,True,fra_carnevale_bartolomeo_di_giovanni_corradini_435848.jpg,fra_carnevale_bartolomeo_di_giovanni_corradini,1467.0,True,met_art_data/images/fra_carnevale_bartolomeo_di_giovanni_corradini_435848.jpg,met_collection_api_2026-04-09
436896,Portrait of a Woman with a Man at a Casement,Fra Filippo Lippi,Artist,ca. 1440,,,Tempera on wood,25 1/4 x 16 1/2 in. (64.1 x 41.9 cm),European Paintings,https://www.metmuseum.org/art/collection/search/436896,https://images.metmuseum.org/CRDImages/ep/original/DP159891.jpg,https://images.metmuseum.org/CRDImages/ep/web-large/DP159891.jpg,True,fra_filippo_lippi_436896.jpg,fra_filippo_lippi,1440.0,True,met_art_data/images/fra_filippo_lippi_436896.jpg,met_collection_api_2026-04-09
206965,Longcase astronomical regulator,Ferdinand Berthoud,Maker,ca. 1768–70,,,"Case: oak veneered with ebony and brass, with gilt-bronze mounts; Dial: white enamel; Movement: gilded brass and steel",Overall: 90 1/2 × 21 × 12 3/4 in. (229.9 × 53.3 × 32.4 cm),European Sculpture and Decorative Arts,https://www.metmuseum.org/art/collection/search/206965,https://images.metmuseum.org/CRDImages/es/original/DP336058.jpg,https://images.metmuseum.org/CRDImages/es/web-large/DP336058.jpg,True,ferdinand_berthoud_206965.jpg,ferdinand_berthoud,1768.0,True,met_art_data/images/ferdinand_berthoud_206965.jpg,met_collection_api_2026-04-09
317877,Processional Cross,Northern Highlands artist,Artist,14th–15th century,,Northern Highlands region,Brass,H. 10 1/2 × W. 5 × D. 1 in. (26.7 × 12.7 × 2.5 cm),The Michael C. Rockefeller Wing,https://www.metmuseum.org/art/collection/search/317877,https://images.metmuseum.org/CRDImages/ao/original/DP100984.jpg,https://images.metmuseum.org/CRDImages/ao/web-large/DP100984.jpg,True,northern_highlands_artist_317877.jpg,northern_highlands_artist,,True,met_art_data/images/northern_highlands_artist_317877.jpg,met_collection_api_2026-04-09
545191,Funerary Papyrus of Nauny,Unknown Artist,,ca. 1050 B.C.,Third Intermediate Period,,"Papyrus, paint",Papyrus: L. 204.5 cm x H. 37 (14 9/16 × 80 1/2 in.); Framed: L. 207 × H. 42 × D. 3.5 cm (81 1/2 × 16 9/16 × 1 3/8 in.),Egyptian Art,https://www.metmuseum.org/art/collection/search/545191,https://images.metmuseum.org/CRDImages/eg/original/LC-30_3_32_EGDP026790.jpg,https://images.metmuseum.org/CRDImages/eg/web-large/LC-30_3_32_EGDP026790.jpg,True,unknown_artist_545191.jpg,unknown_artist,1050.0,True,met_art_data/images/unknown_artist_545191.jpg,met_collection_api_2026-04-09
824771,Marie Antoinette in a Park,Elisabeth Louise Vigée Le Brun,Artist,ca. 1780–81,,,"Black chalk, stumped, and white chalk; framing lines in black chalk",Sheet: 23 3/16 × 15 7/8 in. (58.9 × 40.4 cm),Drawings and Prints,https://www.metmuseum.org/art/collection/search/824771,https://images.metmuseum.org/CRDImages/dp/original/DP-18368-001.jpg,https://images.metmuseum.org/CRDImages/dp/web-large/DP-18368-001.jpg,True,elisabeth_louise_vige_le_brun_824771.jpg,elisabeth_louise_vige_le_brun,1780.0,True,met_art_data/images/elisabeth_louise_vige_le_brun_824771.jpg,met_collection_api_2026-04-09
438688,Saint Francis,Federico Barocci,Artist,ca. 1600–1604,,,Oil on canvas,35 3/8 x 30 7/8 in. (89.9 x 78.4 cm); with added strips 35 7/8 x 31 3/8 in. (91.1 x 79.7 cm),European Paintings,https://www.metmuseum.org/art/collection/search/438688,https://images.metmuseum.org/CRDImages/ep/original/DP104367.jpg,https://images.metmuseum.org/CRDImages/ep/web-large/DP104367.jpg,True,federico_barocci_438688.jpg,federico_barocci,1600.0,True,met_art_data/images/federico_barocci_438688.jpg,met_collection_api_2026-04-09
200668,Sabine Houdon (1787–1836),Jean Antoine Houdon,Artist,1788,,,White marble on gray marble socle,"Overall, without base (confirmed): H. 10 3/4 x W. 8 7/8 x D. 5 7/8 in., 20lb. (27.3 x 22.5 x 14.9 cm, 9.0719kg); Height with base (confirmed): 13 1/2 in. (34.3 cm)",European Sculpture and Decorative Arts,https://www.metmuseum.org/art/collection/search/200668,https://images.metmuseum.org/CRDImages/es/original/DP242660.jpg,https://images.metmuseum.org/CRDImages/es/web-large/DP242660.jpg,True,jean_antoine_houdon_200668.jpg,jean_antoine_houdon,1788.0,True,met_art_data/images/jean_antoine_houdon_200668.jpg,met_collection_api_2026-04-09
192770,Saint Bridget of Sweden Receiving the Rule of Her Order,Agostino d'Antonio di Duccio,Artist,1459,,,Marble,"Overall (confirmed): 16 3/4 × 25 1/8 × 2 3/4 in., 57 lb. (42.5 × 63.8 × 7 cm, 25.9 kg)",European Sculpture and Decorative Arts,https://www.metmuseum.org/art/collection/search/192770,https://images.metmuseum.org/CRDImages/es/original/DP224276.jpg,https://images.metmuseum.org/CRDImages/es/web-large/DP224276.jpg,True,agostino_dantonio_di_duccio_192770.jpg,agostino_dantonio_di_duccio,1459.0,True,met_art_data/images/agostino_dantonio_di_duccio_192770.jpg,met_collection_api_2026-04-09
53660,Ten Verses on Oxherding,Unknown Artist,,1278,Kamakura period (1185–1333),Japan,Handscroll; ink and color on paper,Image: 12 1/4 in. × 20 ft. 6 in. (31.1 × 624.8 cm),Asian Art,https://www.metmuseum.org/art/collection/search/53660,https://images.metmuseum.org/CRDImages/as/original/2015_300_10_Burke_website.jpg,https://images.metmuseum.org/CRDImages/as/web-large/2015_300_10_Burke_website.jpg,True,unknown_artist_53660.jpg,unknown_artist,1278.0,True,met_art_data/images/unknown_artist_53660.jpg,met_collection_api_2026-04-09
435711,An Egyptian Peasant Woman and Her Child,Léon Bonnat,Artist,1869–70,,,Oil on canvas,73 1/2 x 41 1/2 in. (186.7 x 105.4 cm),European Paintings,https://www.metmuseum.org/art/collection/search/435711,https://images.metmuseum.org/CRDImages/ep/original/DT234058.jpg,https://images.metmuseum.org/CRDImages/ep/web-large/DT234058.jpg,True,lon_bonnat_435711.jpg,lon_bonnat,1869.0,True,met_art_data/images/lon_bonnat_435711.jpg,met_collection_api_2026-04-09
438779,A Peasant Family,Antoine Le Nain,Artist,ca. 1640–48,,,Oil on copper,15 x 11 3/4 in. (38.1 x 29.8 cm),European Paintings,https://www.metmuseum.org/art/collection/search/438779,https://images.metmuseum.org/CRDImages/ep/original/DP131218.jpg,https://images.metmuseum.org/CRDImages/ep/web-large/DP131218.jpg,True,antoine_le_nain_438779.jpg,antoine_le_nain,1640.0,True,met_art_data/images/antoine_le_nain_438779.jpg,met_collection_api_2026-04-09
39901,Night-Shining White,Han Gan,Artist,ca. 750,Tang dynasty (618–907),China,Handscroll; ink on paper,"Image: 12 1/8 x 13 3/8 in. (30.8 x 34 cm)
Overall with mounting: 14 in. x 37 ft. 5 1/8 in. (35.4 cm x 11.4 m)",Asian Art,https://www.metmuseum.org/art/collection/search/39901,https://images.metmuseum.org/CRDImages/as/original/DP153705.jpg,https://images.metmuseum.org/CRDImages/as/web-large/DP153705.jpg,True,han_gan_39901.jpg,han_gan,750.0,True,met_art_data/images/han_gan_39901.jpg,met_collection_api_2026-04-09
435864,A Woman with a Dog,Giacomo Ceruti,Artist,1740s,,,Oil on canvas,38 x 28 1/2 in. (96.5 x 72.4 cm),European Paintings,https://www.metmuseum.org/art/collection/search/435864,https://images.metmuseum.org/CRDImages/ep/original/DP-29214-001.jpg,https://images.metmuseum.org/CRDImages/ep/web-large/DP-29214-001.jpg,True,giacomo_ceruti_435864.jpg,giacomo_ceruti,1740.0,True,met_art_data/images/giacomo_ceruti_435864.jpg,met_collection_api_2026-04-09
436241,Cows Crossing a Ford,Jules Dupré,Artist,1836,,,Oil on canvas,14 1/4 x 24 5/8 in. (36.2 x 62.5 cm),European Paintings,https://www.metmuseum.org/art/collection/search/436241,https://images.metmuseum.org/CRDImages/ep/original/DP232030.jpg,https://images.metmuseum.org/CRDImages/ep/web-large/DP232030.jpg,True,jules_dupr_436241.jpg,jules_dupr,1836.0,True,met_art_data/images/jules_dupr_436241.jpg,met_collection_api_2026-04-09
435997,The Storm,Pierre-Auguste Cot,Artist,1880,,,Oil on canvas,92 1/4 x 61 3/4 in. (234.3 x 156.8 cm),European Paintings,https://www.metmuseum.org/art/collection/search/435997,https://images.metmuseum.org/CRDImages/ep/original/DT11964.jpg,https://images.metmuseum.org/CRDImages/ep/web-large/DT11964.jpg,True,pierreauguste_cot_435997.jpg,pierreauguste_cot,1880.0,True,met_art_data/images/pierreauguste_cot_435997.jpg,met_collection_api_2026-04-09
437508,Self-Portrait,Salvator Rosa,Artist,ca. 1647,,,Oil on canvas,39 x 31 1/4 in. (99.1 x 79.4 cm),European Paintings,https://www.metmuseum.org/art/collection/search/437508,https://images.metmuseum.org/CRDImages/ep/original/DP323414.jpg,https://images.metmuseum.org/CRDImages/ep/web-large/DP323414.jpg,True,salvator_rosa_437508.jpg,salvator_rosa,1647.0,True,met_art_data/images/salvator_rosa_437508.jpg,met_collection_api_2026-04-09
452102,Damascus Room,Unknown Artist,,dated 1119 AH/1707 CE,,,"Wood (poplar) with gesso relief, gold and tin leaf, glazes and paint; wood (cypress, poplar, and mulberry), mother-of-pearl, marble and other stones, stucco with glass, plaster ceramic tiles, iron, brass","Overall:
           H. 264 7/16 in. (671.6 cm)
           W. 200 1/2 in. (509.2 cm)
           D. 316 5/8 in. (804.2 cm)
From inside front entrance to back wall:
           H. 316 5/8 in. (804.2 cm)
Fountain:
           H. 4 15/16 in. (12.5 cm)",Islamic Art,https://www.metmuseum.org/art/collection/search/452102,https://images.metmuseum.org/CRDImages/is/original/DP240367.jpg,https://images.metmuseum.org/CRDImages/is/web-large/DP240367.jpg,True,unknown_artist_452102.jpg,unknown_artist,1119.0,True,met_art_data/images/unknown_artist_452102.jpg,met_collection_api_2026-04-09
451725,"""The Concourse of the Birds"", Folio 11r from a Mantiq al-Tayr (Language of the Birds)",Habiballah of Sava,Artist,ca. 1600,,,"Ink, opaque watercolor, gold, and silver on paper","Painting: H. 10 in. (25.4 cm)
                W. 4 1/2in. (11.4cm)
Page: H. 13 in. (33 cm)
            W. 8 3/16 in. (20.8 cm)
Mat: H. 19 1/4 in. (48.9 cm)
        W. 14 1/4 in. (36.2 cm)",Islamic Art,https://www.metmuseum.org/art/collection/search/451725,https://images.metmuseum.org/CRDImages/is/original/DP234083.jpg,https://images.metmuseum.org/CRDImages/is/web-large/DP234083.jpg,True,habiballah_of_sava_451725.jpg,habiballah_of_sava,1600.0,True,met_art_data/images/habiballah_of_sava_451725.jpg,met_collection_api_2026-04-09
53222,Musk Cat,Uto Gyoshi,Artist,mid- to late 16th century,Muromachi period (1392–1573),Japan,Hanging scroll; ink and color on paper,"Image: 29 15/16 × 18 5/16 in. (76 × 46.5 cm)
Overall with mounting: 66 1/8 × 24 1/8 in. (168 × 61.3 cm)
Overall with knobs: 66 1/8 × 25 7/8 in. (168 × 65.8 cm)",Asian Art,https://www.metmuseum.org/art/collection/search/53222,https://images.metmuseum.org/CRDImages/as/original/DP361166.jpg,https://images.metmuseum.org/CRDImages/as/web-large/DP361166.jpg,True,uto_gyoshi_53222.jpg,uto_gyoshi,,True,met_art_data/images/uto_gyoshi_53222.jpg,met_collection_api_2026-04-09
437021,Head of Christ,Master of the Orcagnesque Misericordia,Artist,,,,"Tempera on wood, gold ground","Overall, with engaged frame, 11 5/8 x 8 1/8 in. (29.5 x 20.6 cm); painted surface 9 5/8 x 6 1/8 in. (24.4 x 15.6 cm)",European Paintings,https://www.metmuseum.org/art/collection/search/437021,https://images.metmuseum.org/CRDImages/ep/original/DP-19581-001.jpg,https://images.metmuseum.org/CRDImages/ep/web-large/DP-19581-001.jpg,True,master_of_the_orcagnesque_misericordia_437021.jpg,master_of_the_orcagnesque_misericordia,,True,met_art_data/images/master_of_the_orcagnesque_misericordia_437021.jpg,met_collection_api_2026-04-09
544499,Stela with Taweret and Mut of Isheru,Unknown Artist,,ca. 1390–1352 BCE,New Kingdom,,"Limestone, paint",H. 18.5 × W. 14.4 × D. 4.1 cm (7 5/16 × 5 11/16 × 1 5/8 in.),Egyptian Art,https://www.metmuseum.org/art/collection/search/544499,https://images.metmuseum.org/CRDImages/eg/original/DP-35978-001.jpg,https://images.metmuseum.org/CRDImages/eg/web-large/DP-35978-001.jpg,True,unknown_artist_544499.jpg,unknown_artist,1390.0,True,met_art_data/images/unknown_artist_544499.jpg,met_collection_api_2026-04-09
4895,Vase,M. Louise McLaughlin,Maker,1902,,American,Porcelain,Height: 6 7/16 in. (16.4 cm),The American Wing,https://www.metmuseum.org/art/collection/search/4895,https://images.metmuseum.org/CRDImages/ad/original/DP-26109-003.jpg,https://images.metmuseum.org/CRDImages/ad/web-large/DP-26109-003.jpg,True,m_louise_mclaughlin_4895.jpg,m_louise_mclaughlin,1902.0,True,met_art_data/images/m_louise_mclaughlin_4895.jpg,met_collection_api_2026-04-09
712539,Saint Philip Neri (1515–1595),Carlo Dolci,Artist,1645 or 1646,,,Oil on canvas,17 1/2 × 14 1/4 in. (44.5 × 36.2 cm),European Paintings,https://www.metmuseum.org/art/collection/search/712539,https://images.metmuseum.org/CRDImages/ep/original/DP-944-001.jpg,https://images.metmuseum.org/CRDImages/ep/web-large/DP-944-001.jpg,True,carlo_dolci_712539.jpg,carlo_dolci,1645.0,True,met_art_data/images/carlo_dolci_712539.jpg,met_collection_api_2026-04-09
435897,Head of Christ (Ecce Homo),Petrus Christus,Artist,ca. 1445,,,"Oil on parchment, laid down on wood",Overall 5 7/8 x 4 1/4 in. (14.9 x 10.8 cm); parchment 5 3/4 x 4 1/8 in. (14.6 x 10.5 cm),European Paintings,https://www.metmuseum.org/art/collection/search/435897,https://images.metmuseum.org/CRDImages/ep/original/DT229079.jpg,https://images.metmuseum.org/CRDImages/ep/web-large/DT229079.jpg,True,petrus_christus_435897.jpg,petrus_christus,1445.0,True,met_art_data/images/petrus_christus_435897.jpg,met_collection_api_2026-04-09
838076,Virgin and Child Enthroned,Bohemian Painter,Artist,ca. 1345–50,,,Oil(?) and gold on wood,10 3/16 × 7 15/16 × 7/16 in. (25.8 × 20.2 × 1.1 cm),European Paintings,https://www.metmuseum.org/art/collection/search/838076,https://images.metmuseum.org/CRDImages/ep/original/DP-20592-001.jpg,https://images.metmuseum.org/CRDImages/ep/web-large/DP-20592-001.jpg,True,bohemian_painter_838076.jpg,bohemian_painter,1345.0,True,met_art_data/images/bohemian_painter_838076.jpg,met_collection_api_2026-04-09
207157,Dwarf (one of a pair),Villeroy,Manufactory,ca. 1740–45,,,Tin-glazed soft-paste porcelain decorated in polychrome enamels,Overall (confirmed): 4 5/8 × 2 13/16 × 2 5/8 in. (11.7 × 7.1 × 6.7 cm),European Sculpture and Decorative Arts,https://www.metmuseum.org/art/collection/search/207157,https://images.metmuseum.org/CRDImages/es/original/DP223292.jpg,https://images.metmuseum.org/CRDImages/es/web-large/DP223292.jpg,True,villeroy_207157.jpg,villeroy,1740.0,True,met_art_data/images/villeroy_207157.jpg,met_collection_api_2026-04-09
237451,Dwarf (one of a pair),Villeroy,Manufactory,ca. 1740–45,,,Tin-glazed soft-paste porcelain decorated in polychrome enamels,Overall (confirmed): 4 5/8 x 2 1/8 x 2 15/16 in. (11.7 x 5.4 x 7.5 cm),European Sculpture and Decorative Arts,https://www.metmuseum.org/art/collection/search/237451,https://images.metmuseum.org/CRDImages/es/original/DP223292.jpg,https://images.metmuseum.org/CRDImages/es/web-large/DP223292.jpg,True,villeroy_237451.jpg,villeroy,1740.0,True,met_art_data/images/villeroy_237451.jpg,met_collection_api_2026-04-09
383883,Tobias and the Angel (small plate),Hendrick Goudt,Artist,1608,,,Engraving; Holl.'s second state of three,Sheet: 5 5/16 × 7 3/8 in. (13.5 × 18.7 cm),Drawings and Prints,https://www.metmuseum.org/art/collection/search/383883,https://images.metmuseum.org/CRDImages/dp/original/DP870096.jpg,https://images.metmuseum.org/CRDImages/dp/web-large/DP870096.jpg,True,hendrick_goudt_383883.jpg,hendrick_goudt,1608.0,True,met_art_data/images/hendrick_goudt_383883.jpg,met_collection_api_2026-04-09
436098,The Crucifixion,Gerard David,Artist,ca. 1495,,,Oil on wood,Overall 21 x 15 in. (53.3 x 38.1 cm); painted surface 20 5/8 x 14 3/4 in. (52.5 x 37.5 cm),European Paintings,https://www.metmuseum.org/art/collection/search/436098,https://images.metmuseum.org/CRDImages/ep/original/DP-17230-001.jpg,https://images.metmuseum.org/CRDImages/ep/web-large/DP-17230-001.jpg,True,gerard_david_436098.jpg,gerard_david,1495.0,True,met_art_data/images/gerard_david_436098.jpg,met_collection_api_2026-04-09
436884,The Chess Players,Liberale da Verona,Artist,ca. 1475,,,Tempera on wood,Overall 13 3/4 x 16 1/4 in. (34.9 x 41.3 cm); painted surface 13 1/8 x 15 7/8 in. (33.3 x 40.3 cm),European Paintings,https://www.metmuseum.org/art/collection/search/436884,https://images.metmuseum.org/CRDImages/ep/original/DT226950.jpg,https://images.metmuseum.org/CRDImages/ep/web-large/DT226950.jpg,True,liberale_da_verona_436884.jpg,liberale_da_verona,1475.0,True,met_art_data/images/liberale_da_verona_436884.jpg,met_collection_api_2026-04-09
436885,Scene from a Novella,Liberale da Verona,Artist,,,,Tempera on wood,13 x 16 1/8 in. (33 x 41 cm),European Paintings,https://www.metmuseum.org/art/collection/search/436885,https://images.metmuseum.org/CRDImages/ep/original/DT8310.jpg,https://images.metmuseum.org/CRDImages/ep/web-large/DT8310.jpg,True,liberale_da_verona_436885.jpg,liberale_da_verona,,True,met_art_data/images/liberale_da_verona_436885.jpg,met_collection_api_2026-04-09
437330,Saints Peter and John Healing the Lame Man,Nicolas Poussin,Artist,1655,,,Oil on canvas,49 1/2 x 65 in. (125.7 x 165.1 cm),European Paintings,https://www.metmuseum.org/art/collection/search/437330,https://images.metmuseum.org/CRDImages/ep/original/DP340180.jpg,https://images.metmuseum.org/CRDImages/ep/web-large/DP340180.jpg,True,nicolas_poussin_437330.jpg,nicolas_poussin,1655.0,True,met_art_data/images/nicolas_poussin_437330.jpg,met_collection_api_2026-04-09
436836,Allegory of Music,Laurent de La Hyre,Artist,1649,,,Oil on canvas,41 5/8 x 56 3/4 in. (105.7 x 144.1 cm),European Paintings,https://www.metmuseum.org/art/collection/search/436836,https://images.metmuseum.org/CRDImages/ep/original/DT1387.jpg,https://images.metmuseum.org/CRDImages/ep/web-large/DT1387.jpg,True,laurent_de_la_hyre_436836.jpg,laurent_de_la_hyre,1649.0,True,met_art_data/images/laurent_de_la_hyre_436836.jpg,met_collection_api_2026-04-09
437368,Holy Family with an Angel,Raffaellino del Garbo (also known as Raffaelle de' Capponi and Raffaelle de' Carli),Artist,ca. 1490,,,"Tempera on canvas, transferred from wood",22 x 15 in. (55.9 x 38.1 cm),European Paintings,https://www.metmuseum.org/art/collection/search/437368,https://images.metmuseum.org/CRDImages/ep/original/DP-15089-001.jpg,https://images.metmuseum.org/CRDImages/ep/web-large/DP-15089-001.jpg,True,raffaellino_del_garbo_also_known_as_raffaelle_de_capponi_and_raffaelle_de_carli_437368.jpg,raffaellino_del_garbo_also_known_as_raffaelle_de_capponi_and_raffaelle_de_carli,1490.0,True,met_art_data/images/raffaellino_del_garbo_also_known_as_raffaelle_de_capponi_and_raffaelle_de_carli_437368.jpg,met_collection_api_2026-04-09
460281,Tabernacle Polyptych with the Madonna and Child and Scenes from the Life of Christ,Unknown Artist,,ca. 1275–1300,,Northern France (?),Ivory with traces of original gilding and polychromy; silver hinges.,"H. 9.7 cm, w. 13.1 cm (with open wings).",Robert Lehman Collection,https://www.metmuseum.org/art/collection/search/460281,https://images.metmuseum.org/CRDImages/rl/original/SLP1553-1.jpg,https://images.metmuseum.org/CRDImages/rl/web-large/SLP1553-1.jpg,True,unknown_artist_460281.jpg,unknown_artist,1275.0,True,met_art_data/images/unknown_artist_460281.jpg,met_collection_api_2026-04-09
437061,Salvator Mundi,Hans Memling,Artist,1480–85,,,Oil on wood,"Overall, with integral frame, diameter 10 3/4 in. (27.3 cm); painted surface 8 in. (20.3 cm)",European Paintings,https://www.metmuseum.org/art/collection/search/437061,https://images.metmuseum.org/CRDImages/ep/original/DP-19586-001.jpg,https://images.metmuseum.org/CRDImages/ep/web-large/DP-19586-001.jpg,True,hans_memling_437061.jpg,hans_memling,1480.0,True,met_art_data/images/hans_memling_437061.jpg,met_collection_api_2026-04-09
438624,Lake Fucino and the Abruzzi Mountains,Joseph Bidauld,Artist,ca. 1789,,,"Oil on paper, laid down on canvas",10 x 19 in. (25.4 x 48.3 cm),European Paintings,https://www.metmuseum.org/art/collection/search/438624,https://images.metmuseum.org/CRDImages/ep/original/DP168286.jpg,https://images.metmuseum.org/CRDImages/ep/web-large/DP168286.jpg,True,joseph_bidauld_438624.jpg,joseph_bidauld,1789.0,True,met_art_data/images/joseph_bidauld_438624.jpg,met_collection_api_2026-04-09
435651,The Lamentation,Ambrosius Benson,Artist,ca. 1520–25,,,"Oil on canvas, transferred from wood","Shaped top, 36 x 22 1/8 in. (91.4 x 56.2 cm)",European Paintings,https://www.metmuseum.org/art/collection/search/435651,https://images.metmuseum.org/CRDImages/ep/original/LC-1982_60_23.jpg,https://images.metmuseum.org/CRDImages/ep/web-large/LC-1982_60_23.jpg,True,ambrosius_benson_435651.jpg,ambrosius_benson,1520.0,True,met_art_data/images/ambrosius_benson_435651.jpg,met_collection_api_2026-04-09
816189,"”Abiding nowhere, the awakened mind arises”",Musō Soseki,Artist,early to mid-14th century,Kamakura (1185–1333) or Nanbokuchō (1336–92) period,Japan,Hanging scroll; ink on paper,"Image: 39 1/16 × 22 5/8 in. (99.2 × 57.4 cm)
Overall with mounting: 71 1/4 × 24 in. (181 × 61 cm)
Overall with knobs: 71 1/4 × 25 13/16 in. (181 × 65.6 cm)",Asian Art,https://www.metmuseum.org/art/collection/search/816189,https://images.metmuseum.org/CRDImages/as/original/DP-17101-002.jpg,https://images.metmuseum.org/CRDImages/as/web-large/DP-17101-002.jpg,True,mus_soseki_816189.jpg,mus_soseki,,True,met_art_data/images/mus_soseki_816189.jpg,met_collection_api_2026-04-09
436176,Christ Asleep during the Tempest,Eugène Delacroix,Artist,ca. 1853,,,Oil on canvas,20 x 24 in. (50.8 x 61 cm),European Paintings,https://www.metmuseum.org/art/collection/search/436176,https://images.metmuseum.org/CRDImages/ep/original/DP-14343-001.jpg,https://images.metmuseum.org/CRDImages/ep/web-large/DP-14343-001.jpg,True,eugne_delacroix_436176.jpg,eugne_delacroix,1853.0,True,met_art_data/images/eugne_delacroix_436176.jpg,met_collection_api_2026-04-09
439327,Christ Blessing,Gerard David,Artist,ca. 1500–1505,,,Oil on wood,"Overall, including engaged frame, 4 3/4 x 3 1/2 in. (12.1 x 8.9 cm); painted surface 3 5/8 x 2 3/8 in. (9.2 x 6 cm)",European Paintings,https://www.metmuseum.org/art/collection/search/439327,https://images.metmuseum.org/CRDImages/ep/original/DP218061.jpg,https://images.metmuseum.org/CRDImages/ep/web-large/DP218061.jpg,True,gerard_david_439327.jpg,gerard_david,1500.0,True,met_art_data/images/gerard_david_439327.jpg,met_collection_api_2026-04-09
209104,Settee (one of a pair) (part of a set),Johann Michael Bauer,Maker,ca. 1763–64,,,"Carved, painted and gilded linden wood; squab pillow in silk velvet (not original)",43 x 54 1/2 x 25 1/4 in. (109.2 x 138.4 x 64.1cm),European Sculpture and Decorative Arts,https://www.metmuseum.org/art/collection/search/209104,https://images.metmuseum.org/CRDImages/es/original/DP105733.jpg,https://images.metmuseum.org/CRDImages/es/web-large/DP105733.jpg,True,johann_michael_bauer_209104.jpg,johann_michael_bauer,1763.0,True,met_art_data/images/johann_michael_bauer_209104.jpg,met_collection_api_2026-04-09
448280,"""Bizhan Slaughters the Wild Boars of Irman"", Folio from a Shahnama (Book of Kings)",Abu'l Qasim Firdausi,Author,dated 741 AH/1341 CE,,,"Ink, opaque watercolor, and gold on paper","Painting: H. 3 1/2 in. (8.9 cm)
                W. 9 7/16 in. (24 cm)
Page: H. 14 3/8 in. (36.5 cm)
          W. 11 15/16 in. (30.3 cm)
Mat: H. 22 in. (55.9 cm)
        W. 16 in. (40.6 cm)",Islamic Art,https://www.metmuseum.org/art/collection/search/448280,https://images.metmuseum.org/CRDImages/is/original/DT214817.jpg,https://images.metmuseum.org/CRDImages/is/web-large/DT214817.jpg,True,abul_qasim_firdausi_448280.jpg,abul_qasim_firdausi,741.0,True,met_art_data/images/abul_qasim_firdausi_448280.jpg,met_collection_api_2026-04-09
839041,Study of Water and Plants,Thomas Fearnley,Artist,1837,,,"Oil on paper, laid down on wood",15 3/8 × 20 1/2 in. (39 × 52 cm),European Paintings,https://www.metmuseum.org/art/collection/search/839041,https://images.metmuseum.org/CRDImages/ep/original/DP-19486-001.jpg,https://images.metmuseum.org/CRDImages/ep/web-large/DP-19486-001.jpg,True,thomas_fearnley_839041.jpg,thomas_fearnley,1837.0,True,met_art_data/images/thomas_fearnley_839041.jpg,met_collection_api_2026-04-09
437202,Christ Bearing the Cross,North Netherlandish (Bruges) Painter,Artist,,,,Oil on wood,42 3/8 x 32 3/8 in. (107.6 x 82.2 cm),European Paintings,https://www.metmuseum.org/art/collection/search/437202,https://images.metmuseum.org/CRDImages/ep/original/DP-20751-001.jpg,https://images.metmuseum.org/CRDImages/ep/web-large/DP-20751-001.jpg,True,north_netherlandish_bruges_painter_437202.jpg,north_netherlandish_bruges_painter,,True,met_art_data/images/north_netherlandish_bruges_painter_437202.jpg,met_collection_api_2026-04-09
53449,Six Jewel Rivers from Various Provinces,Utagawa Hiroshige,Artist,1857,Edo period (1615–1868),Japan,Six woodblock prints; ink and color on paper,"Image (each): 14 1/4 × 9 5/8 in. (36.2 × 24.4 cm)
Mat (each): 22 13/16 × 15 9/16 in. (58 × 39.6 cm)",Asian Art,https://www.metmuseum.org/art/collection/search/53449,https://images.metmuseum.org/CRDImages/as/original/DP-13180-023.jpg,https://images.metmuseum.org/CRDImages/as/web-large/DP-13180-023.jpg,True,utagawa_hiroshige_53449.jpg,utagawa_hiroshige,1857.0,True,met_art_data/images/utagawa_hiroshige_53449.jpg,met_collection_api_2026-04-09
435722,Portrait of a Man in Armor with Two Pages,Paris Bordon,Artist,,,,Oil on canvas,46 x 62 in. (116.8 x 157.5 cm),European Paintings,https://www.metmuseum.org/art/collection/search/435722,https://images.metmuseum.org/CRDImages/ep/original/DP-17629-001.jpg,https://images.metmuseum.org/CRDImages/ep/web-large/DP-17629-001.jpg,True,paris_bordon_435722.jpg,paris_bordon,,True,met_art_data/images/paris_bordon_435722.jpg,met_collection_api_2026-04-09
203842,Standing shelf (one of a pair),William Linnell,Maker,ca. 1753–54,,,"Lacquered and painted pine, mahogany and British walnut",Overall: 59 × 23 × 10 1/2 in. (149.9 × 58.4 × 26.7 cm),European Sculpture and Decorative Arts,https://www.metmuseum.org/art/collection/search/203842,https://images.metmuseum.org/CRDImages/es/original/DP105780.jpg,https://images.metmuseum.org/CRDImages/es/web-large/DP105780.jpg,True,william_linnell_203842.jpg,william_linnell,1753.0,True,met_art_data/images/william_linnell_203842.jpg,met_collection_api_2026-04-09
437457,The Baptism of Christ,Sebastiano Ricci,Artist,ca. 1713–14,,,Oil on canvas,26 x 40 in. (66 x 101.6 cm),European Paintings,https://www.metmuseum.org/art/collection/search/437457,https://images.metmuseum.org/CRDImages/ep/original/DT9354.jpg,https://images.metmuseum.org/CRDImages/ep/web-large/DT9354.jpg,True,sebastiano_ricci_437457.jpg,sebastiano_ricci,1713.0,True,met_art_data/images/sebastiano_ricci_437457.jpg,met_collection_api_2026-04-09
464251,Diptych with Scenes from the Lives of Jesus and Mary,Unknown Artist,,ca. 1350,,French,Elephant ivory with metal mounts,"Overall (open): 7 x 7 1/2 x 3/8 in. (17.8 x 19.1 x 0.9 cm)
Overall (closed): 7 x 3 3/4 x 3/4 in. (17.8 x 9.5 x 1.9 cm)",Medieval Art,https://www.metmuseum.org/art/collection/search/464251,https://images.metmuseum.org/CRDImages/md/original/sf17-190-251s1.jpg,https://images.metmuseum.org/CRDImages/md/web-large/sf17-190-251s1.jpg,True,unknown_artist_464251.jpg,unknown_artist,1350.0,True,met_art_data/images/unknown_artist_464251.jpg,met_collection_api_2026-04-09
436099,The Nativity with Donors and Saints Jerome and Leonard,Gerard David,Artist,ca. 1510–15,,,"Oil on canvas, transferred from wood",Central panel 35 1/2 x 28 in. (90.2 x 71.1 cm); each wing 35 1/2 x 12 3/8 in. (90.2 x 31.4 cm),European Paintings,https://www.metmuseum.org/art/collection/search/436099,https://images.metmuseum.org/CRDImages/ep/original/DT1476.jpg,https://images.metmuseum.org/CRDImages/ep/web-large/DT1476.jpg,True,gerard_david_436099.jpg,gerard_david,1510.0,True,met_art_data/images/gerard_david_436099.jpg,met_collection_api_2026-04-09
450605,The Prince and the Petitioner,Vali Jan,Artist,late 16th century,,,Ink and gold on paper,"H. 3 in. (7.6 cm)
W. 4 5/8 in. (11.8 cm)",Islamic Art,https://www.metmuseum.org/art/collection/search/450605,https://images.metmuseum.org/CRDImages/is/original/sf45-174-23r.jpg,https://images.metmuseum.org/CRDImages/is/web-large/sf45-174-23r.jpg,True,vali_jan_450605.jpg,vali_jan,,True,met_art_data/images/vali_jan_450605.jpg,met_collection_api_2026-04-09
194191,Clock watch with astronomical dial and sundial,Jan Jansen Bockeltz,Maker,ca. 1605–10,,,"Case: gilded brass; Dial: gilded brass, silver, and copper; Movement: gilded brass, partly blued steel, and silver",Overall: 3 1/2 × 2 7/16 × 2 5/16 in. (8.9 × 6.2 × 5.9 cm); Width of back plate: 2 1/8 in. (5.4 cm),European Sculpture and Decorative Arts,https://www.metmuseum.org/art/collection/search/194191,https://images.metmuseum.org/CRDImages/es/original/DP340434.jpg,https://images.metmuseum.org/CRDImages/es/web-large/DP340434.jpg,True,jan_jansen_bockeltz_194191.jpg,jan_jansen_bockeltz,1605.0,True,met_art_data/images/jan_jansen_bockeltz_194191.jpg,met_collection_api_2026-04-09
549236,Stela of Ptahmose,Unknown Artist,,ca. 1320–1290 B.C.,New Kingdom,,Limestone,H. 142.2 cm (56 in),Egyptian Art,https://www.metmuseum.org/art/collection/search/549236,https://images.metmuseum.org/CRDImages/eg/original/LC-67_3_EGDP028267.jpg,https://images.metmuseum.org/CRDImages/eg/web-large/LC-67_3_EGDP028267.jpg,True,unknown_artist_549236.jpg,unknown_artist,1320.0,True,met_art_data/images/unknown_artist_549236.jpg,met_collection_api_2026-04-09
437173,Don Andrés de Andrade y la Cal,Bartolomé Estebán Murillo,Artist,ca. 1665–72,,,Oil on canvas,79 × 47 in. (200.7 × 119.4 cm),European Paintings,https://www.metmuseum.org/art/collection/search/437173,https://images.metmuseum.org/CRDImages/ep/original/DP-16333-001.jpg,https://images.metmuseum.org/CRDImages/ep/web-large/DP-16333-001.jpg,True,bartolom_estebn_murillo_437173.jpg,bartolom_estebn_murillo,1665.0,True,met_art_data/images/bartolom_estebn_murillo_437173.jpg,met_collection_api_2026-04-09
198704,Dish depicting The Death of Saul,Medici Porcelain Manufactory,Manufactory,ca. 1575–80,,,Soft-paste porcelain decorated in underglaze blue,"Overall, irregular diameter (confirmed): 2 1/4 × 13 3/16 × 13 1/8 in. (5.7 × 33.5 × 33.3 cm)",European Sculpture and Decorative Arts,https://www.metmuseum.org/art/collection/search/198704,https://images.metmuseum.org/CRDImages/es/original/DP169171.jpg,https://images.metmuseum.org/CRDImages/es/web-large/DP169171.jpg,True,medici_porcelain_manufactory_198704.jpg,medici_porcelain_manufactory,1575.0,True,met_art_data/images/medici_porcelain_manufactory_198704.jpg,met_collection_api_2026-04-09
436518,Madonna and Child with Saints,Girolamo dai Libri,Artist,ca. 1520,,,Tempera and oil on canvas,"Arched top, 157 x 81 1/2 in. (398.8 x 207 cm)",European Paintings,https://www.metmuseum.org/art/collection/search/436518,https://images.metmuseum.org/CRDImages/ep/original/DT2956.jpg,https://images.metmuseum.org/CRDImages/ep/web-large/DT2956.jpg,True,girolamo_dai_libri_436518.jpg,girolamo_dai_libri,1520.0,True,met_art_data/images/girolamo_dai_libri_436518.jpg,met_collection_api_2026-04-09
437216,The Fifteen Mysteries and the Virgin of the Rosary,Netherlandish (Brussels) Painter,Artist,ca. 1515–20,,,Oil on wood,(a) 9 7/8 x 21 in. (25.1 x 53.3 cm); (b–p) each 5 x 4 1/8 in. (12.7 x 10.5 cm),European Paintings,https://www.metmuseum.org/art/collection/search/437216,https://images.metmuseum.org/CRDImages/ep/original/DT5754.jpg,https://images.metmuseum.org/CRDImages/ep/web-large/DT5754.jpg,True,netherlandish_brussels_painter_437216.jpg,netherlandish_brussels_painter,1515.0,True,met_art_data/images/netherlandish_brussels_painter_437216.jpg,met_collection_api_2026-04-09
53162,Tobatsu Bishamonten,Unknown Artist,,late 10th–early 11th century,Heian period (794–1185),Japan,Zelkova wood with traces of color,H. 49 1/4 in. (125.1 cm),Asian Art,https://www.metmuseum.org/art/collection/search/53162,https://images.metmuseum.org/CRDImages/as/original/DP-27915-006.jpg,https://images.metmuseum.org/CRDImages/as/web-large/DP-27915-006.jpg,True,unknown_artist_53162.jpg,unknown_artist,,True,met_art_data/images/unknown_artist_53162.jpg,met_collection_api_2026-04-09
436336,The Pérussis Altarpiece,Nicolas Froment,Artist,1480,,,Oil and gold on wood,"Three panels, each 54 1/2 x 23 in. (138.4 x 58.4 cm)",European Paintings,https://www.metmuseum.org/art/collection/search/436336,https://images.metmuseum.org/CRDImages/ep/original/DT1433.jpg,https://images.metmuseum.org/CRDImages/ep/web-large/DT1433.jpg,True,nicolas_froment_436336.jpg,nicolas_froment,1480.0,True,met_art_data/images/nicolas_froment_436336.jpg,met_collection_api_2026-04-09
761114,Mercury and Cupid,Francesco Fanelli,Artist,late 1630s,,,Bronze,Height confirmed: 31 in. (78.7 cm),European Sculpture and Decorative Arts,https://www.metmuseum.org/art/collection/search/761114,https://images.metmuseum.org/CRDImages/es/original/DP-21676-042.jpg,https://images.metmuseum.org/CRDImages/es/web-large/DP-21676-042.jpg,True,francesco_fanelli_761114.jpg,francesco_fanelli,1630.0,True,met_art_data/images/francesco_fanelli_761114.jpg,met_collection_api_2026-04-09
769297,Pope Clement X (1590–1676),Giovanni Battista Gaulli (Il Baciccio),Artist,ca. 1670–71,,,Oil on canvas,30 1/2 × 24 1/4 in. (77.5 × 61.6 cm),European Paintings,https://www.metmuseum.org/art/collection/search/769297,https://images.metmuseum.org/CRDImages/ep/original/DP-15413-001.jpg,https://images.metmuseum.org/CRDImages/ep/web-large/DP-15413-001.jpg,True,giovanni_battista_gaulli_il_baciccio_769297.jpg,giovanni_battista_gaulli_il_baciccio,1670.0,True,met_art_data/images/giovanni_battista_gaulli_il_baciccio_769297.jpg,met_collection_api_2026-04-09
437518,A River in a Meadow,Théodore Rousseau,Artist,ca. 1840,,,Oil on wood,16 3/4 x 26 1/8 in. (42.5 x 66.4 cm),European Paintings,https://www.metmuseum.org/art/collection/search/437518,https://images.metmuseum.org/CRDImages/ep/original/DP-15888-001.jpg,https://images.metmuseum.org/CRDImages/ep/web-large/DP-15888-001.jpg,True,thodore_rousseau_437518.jpg,thodore_rousseau,1840.0,True,met_art_data/images/thodore_rousseau_437518.jpg,met_collection_api_2026-04-09
197461,Saint Bernardino of Siena,Fulvio Signorini,Artist,ca. 1600,,,"Bronze, partially oil-gilt","Overall (confirmed): 58 1/2 in., 591 lb. (148.6 cm, 268.1 kg)",European Sculpture and Decorative Arts,https://www.metmuseum.org/art/collection/search/197461,https://images.metmuseum.org/CRDImages/es/original/DP-22143-001.jpg,https://images.metmuseum.org/CRDImages/es/web-large/DP-22143-001.jpg,True,fulvio_signorini_197461.jpg,fulvio_signorini,1600.0,True,met_art_data/images/fulvio_signorini_197461.jpg,met_collection_api_2026-04-09
197460,Saint Catherine of Siena,Fulvio Signorini,Artist,ca. 1600,,,"Bronze, partially oil-gilt","Wt. confirmed: 58 in., 695 lb. (147.3 cm, 315.2 kg)",European Sculpture and Decorative Arts,https://www.metmuseum.org/art/collection/search/197460,https://images.metmuseum.org/CRDImages/es/original/DP-22142-001.jpg,https://images.metmuseum.org/CRDImages/es/web-large/DP-22142-001.jpg,True,fulvio_signorini_197460.jpg,fulvio_signorini,1600.0,True,met_art_data/images/fulvio_signorini_197460.jpg,met_collection_api_2026-04-09
446561,"""Alexander is Lowered into the Sea"", Folio from a Khamsa (Quintet) of Amir Khusrau Dihlavi",Amir Khusrau Dihlavi,Author,1597–98,,,"Main support: Ink, watercolor, gold on paper
Margins: Gold on dyed paper","H. 9 3/8 in. 
W. 6 1/4 in. (15.9 cm)",Islamic Art,https://www.metmuseum.org/art/collection/search/446561,https://images.metmuseum.org/CRDImages/is/original/DP120802.jpg,https://images.metmuseum.org/CRDImages/is/web-large/DP120802.jpg,True,amir_khusrau_dihlavi_446561.jpg,amir_khusrau_dihlavi,1597.0,True,met_art_data/images/amir_khusrau_dihlavi_446561.jpg,met_collection_api_2026-04-09
196365,Commode,Jean François Cuvilliés the Elder,Designer,ca. 1735–40,,,"Pine and linden wood; carved, partially painted, and gilded gesso, partly incised; Tegernsee limestone top",33 1/4 × 51 1/2 × 24 1/2 in. (84.5 × 130.8 × 62.2 cm),European Sculpture and Decorative Arts,https://www.metmuseum.org/art/collection/search/196365,https://images.metmuseum.org/CRDImages/es/original/DP106636.jpg,https://images.metmuseum.org/CRDImages/es/web-large/DP106636.jpg,True,jean_franois_cuvillis_the_elder_196365.jpg,jean_franois_cuvillis_the_elder,1735.0,True,met_art_data/images/jean_franois_cuvillis_the_elder_196365.jpg,met_collection_api_2026-04-09
459071,Portrait of a Woman,Netherlandish or French,Artist,ca. 1470–80,,Franco-Flemish,Oil on oak panel,22 5/8 x 16 3/8 in. (57.5 x 41.6 cm),Robert Lehman Collection,https://www.metmuseum.org/art/collection/search/459071,https://images.metmuseum.org/CRDImages/rl/original/SLP0129.jpg,https://images.metmuseum.org/CRDImages/rl/web-large/SLP0129.jpg,True,netherlandish_or_french_459071.jpg,netherlandish_or_french,1470.0,True,met_art_data/images/netherlandish_or_french_459071.jpg,met_collection_api_2026-04-09
54791,Amida Manifesting in the Dharma-body of Expedient Means,Unknown Artist,,18th century,Edo period (1615–1868),Japan,"Ink, color, and cut silver on silk",14 x 6 1/2 in. (35.6 x 16.5 cm),Asian Art,https://www.metmuseum.org/art/collection/search/54791,https://images.metmuseum.org/CRDImages/as/original/18_146_1_O4_sf.JPG,https://images.metmuseum.org/CRDImages/as/web-large/18_146_1_O4_sf.JPG,True,unknown_artist_54791.jpg,unknown_artist,,True,met_art_data/images/unknown_artist_54791.jpg,met_collection_api_2026-04-09
39569,Eighteen Songs of a Nomad Flute: The Story of Lady Wenji,Unidentified artist,Artist,early 15th century,Ming dynasty (1368–1644),China,"Handscroll; ink, color, and gold on silk","Image: 11 1/4 in. × 39 ft. 3 in. (28.6 × 1196.3 cm)
Overall with mounting: 11 1/2 in. × 50 ft. 8 1/16 in. (29.2 × 1544.5 cm)",Asian Art,https://www.metmuseum.org/art/collection/search/39569,https://images.metmuseum.org/CRDImages/as/original/DP213003_CRD.jpg,https://images.metmuseum.org/CRDImages/as/web-large/DP213003_CRD.jpg,True,unknown_artist_39569.jpg,unknown_artist,,True,met_art_data/images/unknown_artist_39569.jpg,met_collection_api_2026-04-09
452032,Pierced Bowl Signed by Hasan al-Qashani,Unknown Artist,,late 11th–early 12th century,,,"Stonepaste; molded and pierced, monochrome decoration under transparent glaze","H. 4 1/4 in. (10.8cm)
Diam. 6 1/4 in. (15.9 cm)
Wt. 11.9 oz. (337.4 g)",Islamic Art,https://www.metmuseum.org/art/collection/search/452032,https://images.metmuseum.org/CRDImages/is/original/DP123181.jpg,https://images.metmuseum.org/CRDImages/is/web-large/DP123181.jpg,True,unknown_artist_452032.jpg,unknown_artist,,True,met_art_data/images/unknown_artist_452032.jpg,met_collection_api_2026-04-09
10771,Spring Landscape,Thomas Doughty,Artist,ca. 1853–56,,American,Oil on canvas,44 x 62 in. (111.8 x 157.5 cm),The American Wing,https://www.metmuseum.org/art/collection/search/10771,https://images.metmuseum.org/CRDImages/ad/original/ap17.66.jpg,https://images.metmuseum.org/CRDImages/ad/web-large/ap17.66.jpg,True,thomas_doughty_10771.jpg,thomas_doughty,1853.0,True,met_art_data/images/thomas_doughty_10771.jpg,met_collection_api_2026-04-09
37904,Krishna Steals the Gopis’ Clothing: Page from a Dispersed Bhagavata Purana Manuscript,Unknown Artist,,ca. 1620–30,,"India (Rajasthan, Mewar)",Ink and opaque watercolor on paper,9 1/4 x 15 7/8 in. (23.5 x 40.3 cm),Asian Art,https://www.metmuseum.org/art/collection/search/37904,https://images.metmuseum.org/CRDImages/as/original/1984_476_recto.jpg,https://images.metmuseum.org/CRDImages/as/web-large/1984_476_recto.jpg,True,unknown_artist_37904.jpg,unknown_artist,1620.0,True,met_art_data/images/unknown_artist_37904.jpg,met_collection_api_2026-04-09
436803,The Adoration of the Magi,Joos van Wassenhove,Artist,1472–74,,,Distemper on canvas,43 x 63 in. (109.2 x 160 cm),European Paintings,https://www.metmuseum.org/art/collection/search/436803,https://images.metmuseum.org/CRDImages/ep/original/DP-16339-001.jpg,https://images.metmuseum.org/CRDImages/ep/web-large/DP-16339-001.jpg,True,joos_van_wassenhove_436803.jpg,joos_van_wassenhove,1472.0,True,met_art_data/images/joos_van_wassenhove_436803.jpg,met_collection_api_2026-04-09
450409,Enameled and Gilded Bottle,Unknown Artist,,late 13th century,,,"Glass, greenish; blown, folded foot; enameled and gilded","H. 17 1/8 in. (43.5 cm)
Max. Diam. 11 in. (27.9 cm)",Islamic Art,https://www.metmuseum.org/art/collection/search/450409,https://images.metmuseum.org/CRDImages/is/original/DP170374.jpg,https://images.metmuseum.org/CRDImages/is/web-large/DP170374.jpg,True,unknown_artist_450409.jpg,unknown_artist,,True,met_art_data/images/unknown_artist_450409.jpg,met_collection_api_2026-04-09
437059,Young Woman with a Pink,Hans Memling,Artist,ca. 1485–90,,,Oil on wood,Overall 17 x 7 3/8 in. (43.2 x 18.7 cm); painted surface 17 x 6 7/8 in. (43.2 x 17.5 cm),European Paintings,https://www.metmuseum.org/art/collection/search/437059,https://images.metmuseum.org/CRDImages/ep/original/DP-19588-001.jpg,https://images.metmuseum.org/CRDImages/ep/web-large/DP-19588-001.jpg,True,hans_memling_437059.jpg,hans_memling,1485.0,True,met_art_data/images/hans_memling_437059.jpg,met_collection_api_2026-04-09
436897,Saint Lawrence Enthroned with Saints and Donors,Fra Filippo Lippi,Artist,1440s,,,"Tempera on wood, gold ground","Central panel (a), overall, with arched top and added strips, 47 3/4 x 45 1/2 in. (121.3 x 115.6 cm); right panel (b) 28 1/2 x 15 3/8 in. (72.4 x 39.1 cm); left panel (c) 28 1/2 x 15 1/2 in. (72.4 x 39.4 cm) [panels substantially altered in size and shape",European Paintings,https://www.metmuseum.org/art/collection/search/436897,https://images.metmuseum.org/CRDImages/ep/original/DP-17016-001.jpg,https://images.metmuseum.org/CRDImages/ep/web-large/DP-17016-001.jpg,True,fra_filippo_lippi_436897.jpg,fra_filippo_lippi,1440.0,True,met_art_data/images/fra_filippo_lippi_436897.jpg,met_collection_api_2026-04-09
327376,Sherd,Unknown Artist,,ca. 5600–5000 BCE,Halaf,Halaf,"Ceramic, paint",2 13/16 × 1 5/8 × 3/16 in. (7.2 × 4.2 × 0.5 cm),Ancient West Asian Art,https://www.metmuseum.org/art/collection/search/327376,https://images.metmuseum.org/CRDImages/an/original/DP-28472-001.jpg,https://images.metmuseum.org/CRDImages/an/web-large/DP-28472-001.jpg,True,unknown_artist_327376.jpg,unknown_artist,5600.0,True,met_art_data/images/unknown_artist_327376.jpg,met_collection_api_2026-04-09
464273,Diptych with the Adoration of the Magi and the Vera Icon (True Image),Unknown Artist,,ca. 1325–50,,North French,Elephant ivory with metal mounts,"Overall (opened): 2 7/8 x 4 7/16 x 1/4 in. (7.3 x 11.3 x 0.7 cm)
Overall (closed): 2 7/8 x 2 1/4 x 1/2 in. (7.3 x 5.7 x 1.3 cm)
wings: 2 7/8 x 2 3/16 x 1/4 in. (7.3 x 5.6 x 0.7 cm)",Medieval Art,https://www.metmuseum.org/art/collection/search/464273,https://images.metmuseum.org/CRDImages/md/original/DP-33217-001.jpg,https://images.metmuseum.org/CRDImages/md/web-large/DP-33217-001.jpg,True,unknown_artist_464273.jpg,unknown_artist,1325.0,True,met_art_data/images/unknown_artist_464273.jpg,met_collection_api_2026-04-09
436838,The Fortune-Teller,Georges de La Tour,Artist,probably 1630s,,,Oil on canvas,40 1/8 x 48 5/8 in. (101.9 x 123.5 cm),European Paintings,https://www.metmuseum.org/art/collection/search/436838,https://images.metmuseum.org/CRDImages/ep/original/DP-14286-015.jpg,https://images.metmuseum.org/CRDImages/ep/web-large/DP-14286-015.jpg,True,georges_de_la_tour_436838.jpg,georges_de_la_tour,1630.0,True,met_art_data/images/georges_de_la_tour_436838.jpg,met_collection_api_2026-04-09
436180,The Natchez,Eugène Delacroix,Artist,1823–24 and 1835,,,Oil on canvas,35 1/2 x 46 in. (90.2 x 116.8 cm),European Paintings,https://www.metmuseum.org/art/collection/search/436180,https://images.metmuseum.org/CRDImages/ep/original/DP-14345-001.jpg,https://images.metmuseum.org/CRDImages/ep/web-large/DP-14345-001.jpg,True,eugne_delacroix_436180.jpg,eugne_delacroix,1823.0,True,met_art_data/images/eugne_delacroix_436180.jpg,met_collection_api_2026-04-09
450418,Bowl,Unknown Artist,,late 12th–early 13th century,,,Stonepaste; polychrome painted under transparent glaze,"H. 4 1/8 in. (10.5 cm)
Diam. 8 7/8 in. (22.5 cm)",Islamic Art,https://www.metmuseum.org/art/collection/search/450418,https://images.metmuseum.org/CRDImages/is/original/DP231246.jpg,https://images.metmuseum.org/CRDImages/is/web-large/DP231246.jpg,True,unknown_artist_450418.jpg,unknown_artist,,True,met_art_data/images/unknown_artist_450418.jpg,met_collection_api_2026-04-09
436271,The Crucifixion with Donors and Saints Peter and Margaret of Antioch,Cornelis Engebrechtsz,Artist,ca. 1525–30,,,Oil on wood,24 1/4 x 35 1/4 in. (61.5 x 89.5 cm),European Paintings,https://www.metmuseum.org/art/collection/search/436271,https://images.metmuseum.org/CRDImages/ep/original/DT10856.jpg,https://images.metmuseum.org/CRDImages/ep/web-large/DT10856.jpg,True,cornelis_engebrechtsz_436271.jpg,cornelis_engebrechtsz,1525.0,True,met_art_data/images/cornelis_engebrechtsz_436271.jpg,met_collection_api_2026-04-09
53167,Flying Apsaras (Hiten),Unknown Artist,,late 11th to early 12th century,Heian period (794–1185),Japan,Japanese cypress with lacquer and gold,"a: Diam. 21 in. (53.3 cm)
b: Diam. 21 in. (53.3 cm)",Asian Art,https://www.metmuseum.org/art/collection/search/53167,https://images.metmuseum.org/CRDImages/as/original/2015_300_251a_Burke_website.jpg,https://images.metmuseum.org/CRDImages/as/web-large/2015_300_251a_Burke_website.jpg,True,unknown_artist_53167.jpg,unknown_artist,,True,met_art_data/images/unknown_artist_53167.jpg,met_collection_api_2026-04-09
53458,Lingering Rain over Half the Village,Urakami (Uragami) Gyokudō,Artist,ca. 1815–20,Edo period (1615–1868),Japan,Folding fan mounted as a hanging scroll; ink on paper,"Image: 8 9/16 × 18 7/8 in. (21.7 × 48 cm)
Overall with mounting: 41 3/4 × 23 1/2 in. (106 × 59.7 cm)
Overall with knobs: 41 3/4 × 25 11/16 in. (106 × 65.2 cm)",Asian Art,https://www.metmuseum.org/art/collection/search/53458,https://images.metmuseum.org/CRDImages/as/original/DP-12232-210.jpg,https://images.metmuseum.org/CRDImages/as/web-large/DP-12232-210.jpg,True,urakami_uragami_gyokud_53458.jpg,urakami_uragami_gyokud,1815.0,True,met_art_data/images/urakami_uragami_gyokud_53458.jpg,met_collection_api_2026-04-09
437791,The Apotheosis of the Spanish Monarchy,Giovanni Battista Tiepolo,Artist,1760s,,,Oil on canvas,"Oval painted surface, 33 1/8 x 27 1/8 in. (84.1 x 68.9 cm)",European Paintings,https://www.metmuseum.org/art/collection/search/437791,https://images.metmuseum.org/CRDImages/ep/original/DT9053.jpg,https://images.metmuseum.org/CRDImages/ep/web-large/DT9053.jpg,True,giovanni_battista_tiepolo_437791.jpg,giovanni_battista_tiepolo,1760.0,True,met_art_data/images/giovanni_battista_tiepolo_437791.jpg,met_collection_api_2026-04-09
435702,The Horse Fair,Rosa Bonheur,Artist,1852–55,,,Oil on canvas,96 1/4 x 199 1/2 in. (244.5 x 506.7 cm),European Paintings,https://www.metmuseum.org/art/collection/search/435702,https://images.metmuseum.org/CRDImages/ep/original/DP-23550-001.jpg,https://images.metmuseum.org/CRDImages/ep/web-large/DP-23550-001.jpg,True,rosa_bonheur_435702.jpg,rosa_bonheur,1852.0,True,met_art_data/images/rosa_bonheur_435702.jpg,met_collection_api_2026-04-09
822751,"Severe Weather, from ""Illustrated London News""",William Luson Thomas,Engraver,"March 22, 1856",,,Wood engraving,Image: 9 5/16 × 13 1/2 in. (23.6 × 34.3 cm),Drawings and Prints,https://www.metmuseum.org/art/collection/search/822751,https://images.metmuseum.org/CRDImages/dp/original/DP888825.jpg,https://images.metmuseum.org/CRDImages/dp/web-large/DP888825.jpg,True,william_luson_thomas_822751.jpg,william_luson_thomas,1856.0,True,met_art_data/images/william_luson_thomas_822751.jpg,met_collection_api_2026-04-09
37857,Bhairavi Ragini: Folio from a ragamala series (Garland of Musical Modes),Unknown Artist,,ca. 1640–50,,"India (Himachal Pradesh, Mandi)","Opaque watercolor, silver, gold and ink on paper","Page: 10 9/16 x 8 1/16 in. (26.8 x 20.5 cm)
Image: 9 x 6 1/2 in. (22.9 x 16.5 cm)",Asian Art,https://www.metmuseum.org/art/collection/search/37857,https://images.metmuseum.org/CRDImages/as/original/DP153179.jpg,https://images.metmuseum.org/CRDImages/as/web-large/DP153179.jpg,True,unknown_artist_37857.jpg,unknown_artist,1640.0,True,met_art_data/images/unknown_artist_37857.jpg,met_collection_api_2026-04-09
40516,Reading a sutra by moonlight,Unidentified artist,Artist,ca. 1332,Yuan dynasty (1271–1368),China,Hanging scroll; ink on paper,"Image: 29 3/8 x 13 in. (74.6 x 33 cm)
Overall with mounting: 59 x 13 5/8 in. (149.9 x 34.6 cm)
Overall with knobs: 59 x 15 1/2 in. (149.9 x 39.4 cm)",Asian Art,https://www.metmuseum.org/art/collection/search/40516,https://images.metmuseum.org/CRDImages/as/original/DP123749.jpg,https://images.metmuseum.org/CRDImages/as/web-large/DP123749.jpg,True,unknown_artist_40516.jpg,unknown_artist,1332.0,True,met_art_data/images/unknown_artist_40516.jpg,met_collection_api_2026-04-09
435621,Joan of Arc,Jules Bastien-Lepage,Artist,1879,,,Oil on canvas,100 x 110 in. (254 x 279.4 cm),European Paintings,https://www.metmuseum.org/art/collection/search/435621,https://images.metmuseum.org/CRDImages/ep/original/DP-14201-049.jpg,https://images.metmuseum.org/CRDImages/ep/web-large/DP-14201-049.jpg,True,jules_bastienlepage_435621.jpg,jules_bastienlepage,1879.0,True,met_art_data/images/jules_bastienlepage_435621.jpg,met_collection_api_2026-04-09
626692,The Jabach Family,Charles Le Brun,Artist,ca. 1660,,,Oil on canvas,110 1/4 × 129 1/8 in. (280 × 328 cm),European Paintings,https://www.metmuseum.org/art/collection/search/626692,https://images.metmuseum.org/CRDImages/ep/original/DP352819.jpg,https://images.metmuseum.org/CRDImages/ep/web-large/DP352819.jpg,True,charles_le_brun_626692.jpg,charles_le_brun,1660.0,True,met_art_data/images/charles_le_brun_626692.jpg,met_collection_api_2026-04-09
437868,"Don Gaspar de Guzmán (1587–1645), Count-Duke of Olivares",Juan Bautista Martínez del Mazo,Artist,ca. 1636 or later,,,Oil on canvas,50 1/4 x 41 in. (127.6 x 104.1 cm),European Paintings,https://www.metmuseum.org/art/collection/search/437868,https://images.metmuseum.org/CRDImages/ep/original/DP-14936-011.jpg,https://images.metmuseum.org/CRDImages/ep/web-large/DP-14936-011.jpg,True,juan_bautista_martnez_del_mazo_437868.jpg,juan_bautista_martnez_del_mazo,1636.0,True,met_art_data/images/juan_bautista_martnez_del_mazo_437868.jpg,met_collection_api_2026-04-09
204587,Emperor Antoninus Pius,Antico (Pier Jacopo Alari Bonacolsi),Artist,1519–24,,,"Bronze, partially oil-gilt, silver inlay, on serpentinite socle",Overall without base (confirmed): H. 25 1/4 x W. 19 3/4 x D. 14 1/4 in. (64.1 x 50.2 x 36.2 cm); Height with base (confirmed): 29 7/8 in. (75.9 cm),European Sculpture and Decorative Arts,https://www.metmuseum.org/art/collection/search/204587,https://images.metmuseum.org/CRDImages/es/original/DP234101.jpg,https://images.metmuseum.org/CRDImages/es/web-large/DP234101.jpg,True,antico_pier_jacopo_alari_bonacolsi_204587.jpg,antico_pier_jacopo_alari_bonacolsi,1519.0,True,met_art_data/images/antico_pier_jacopo_alari_bonacolsi_204587.jpg,met_collection_api_2026-04-09
437792,The Apotheosis of the Spanish Monarchy,Giovanni Battista Tiepolo,Artist,1760s,,,Oil on canvas,"Oval painted surface, 32 1/8 x 26 1/8 in. (81.6 x 66.4 cm)",European Paintings,https://www.metmuseum.org/art/collection/search/437792,https://images.metmuseum.org/CRDImages/ep/original/DT5155.jpg,https://images.metmuseum.org/CRDImages/ep/web-large/DT5155.jpg,True,giovanni_battista_tiepolo_437792.jpg,giovanni_battista_tiepolo,1760.0,True,met_art_data/images/giovanni_battista_tiepolo_437792.jpg,met_collection_api_2026-04-09
254896,Terracotta amphora (jar),Berlin Painter,Artist,ca. 490 BCE,Late Archaic,"Greek, Attic",Terracotta,H. 16 5/16 in. (41.50 cm),Greek and Roman Art,https://www.metmuseum.org/art/collection/search/254896,https://images.metmuseum.org/CRDImages/gr/original/DP-16774-001.jpg,https://images.metmuseum.org/CRDImages/gr/web-large/DP-16774-001.jpg,True,berlin_painter_254896.jpg,berlin_painter,490.0,True,met_art_data/images/berlin_painter_254896.jpg,met_collection_api_2026-04-09
435844,The Musicians,Caravaggio (Michelangelo Merisi),Artist,1597,,,Oil on canvas,36 1/4 x 46 5/8 in. (92.1 x 118.4 cm),European Paintings,https://www.metmuseum.org/art/collection/search/435844,https://images.metmuseum.org/CRDImages/ep/original/DP-687-001.jpg,https://images.metmuseum.org/CRDImages/ep/web-large/DP-687-001.jpg,True,caravaggio_michelangelo_merisi_435844.jpg,caravaggio_michelangelo_merisi,1597.0,True,met_art_data/images/caravaggio_michelangelo_merisi_435844.jpg,met_collection_api_2026-04-09
340445,Seated Figure of Mercury,Parmigianino (Girolamo Francesco Maria Mazzola),Artist,1524–26,,,Black chalk,12 x 8 1/8in. (30.5 x 20.6cm),Drawings and Prints,https://www.metmuseum.org/art/collection/search/340445,https://images.metmuseum.org/CRDImages/dp/original/DP810976.jpg,https://images.metmuseum.org/CRDImages/dp/web-large/DP810976.jpg,True,parmigianino_girolamo_francesco_maria_mazzola_340445.jpg,parmigianino_girolamo_francesco_maria_mazzola,1524.0,True,met_art_data/images/parmigianino_girolamo_francesco_maria_mazzola_340445.jpg,met_collection_api_2026-04-09
207536,The Sacrifice of Jephthah's Daughter,Massimiliano Soldani,Artist,"modeled 1722, probably cast 1730–35",,,Bronze,Overall (confirmed): 18 1/8 x 17 1/4 x 10 7/8 in. (46 x 43.8 x 27.6 cm),European Sculpture and Decorative Arts,https://www.metmuseum.org/art/collection/search/207536,https://images.metmuseum.org/CRDImages/es/original/DP217264.jpg,https://images.metmuseum.org/CRDImages/es/web-large/DP217264.jpg,True,massimiliano_soldani_207536.jpg,massimiliano_soldani,1722.0,True,met_art_data/images/massimiliano_soldani_207536.jpg,met_collection_api_2026-04-09
451406,Portrait of a Dervish,Unknown Artist,,16th century,,,"Main support: ink, opaque watercolor, and gold on paper
Margins: gold on dyed paper","Page: H. 15 3/4 in. (40 cm)
           W. 10 1/4 in. (26 cm)
Painting: H. 7 1/16 (18 cm)
                 W. 4 1/8 in. (10.5 cm)
Mat: H. 19 1/4 in. (48.9 cm)
         W. 14 1/4 in. (36.2 cm)",Islamic Art,https://www.metmuseum.org/art/collection/search/451406,https://images.metmuseum.org/CRDImages/is/original/DP231338.jpg,https://images.metmuseum.org/CRDImages/is/web-large/DP231338.jpg,True,unknown_artist_451406.jpg,unknown_artist,,True,met_art_data/images/unknown_artist_451406.jpg,met_collection_api_2026-04-09
384233,"Illustration for Jérôme Paturot à la recherche d'une position sociale (Jérôme Patruot in Search of a Social Position), by Louis Reybaud, Paris, 1846",J. J. Grandville,Artist,ca. 1846,,,"Pen and brown ink, brush and wash, and white heightening.",sheet: 7 1/2 x 4 13/16 in. (19.1 x 12.2 cm),Drawings and Prints,https://www.metmuseum.org/art/collection/search/384233,https://images.metmuseum.org/CRDImages/dp/original/DP808256.jpg,https://images.metmuseum.org/CRDImages/dp/web-large/DP808256.jpg,True,j_j_grandville_384233.jpg,j_j_grandville,1846.0,True,met_art_data/images/j_j_grandville_384233.jpg,met_collection_api_2026-04-09
436658,Hermann von Wedigh III (died 1560),Hans Holbein the Younger,Artist,1532,,,Oil and gold on oak,"16 5/8 x 12 3/4 in. (42.2 x 32.4 cm), with added strip of 1/2 in. (1.3 cm) at bottom",European Paintings,https://www.metmuseum.org/art/collection/search/436658,https://images.metmuseum.org/CRDImages/ep/original/DP164836.jpg,https://images.metmuseum.org/CRDImages/ep/web-large/DP164836.jpg,True,hans_holbein_the_younger_436658.jpg,hans_holbein_the_younger,1532.0,True,met_art_data/images/hans_holbein_the_younger_436658.jpg,met_collection_api_2026-04-09
448959,Head from a Figure with a Beaded Headdress,Unknown Artist,,12th–early 13th century,,,"Fossiliferous limestone; carved, drilled","H. 10 in. (25.4 cm)
W. 6 1/2 in. (16.5 cm)
D. 6 3/4 in. (17.1 cm)",Islamic Art,https://www.metmuseum.org/art/collection/search/448959,https://images.metmuseum.org/CRDImages/is/original/DP170373.jpg,https://images.metmuseum.org/CRDImages/is/web-large/DP170373.jpg,True,unknown_artist_448959.jpg,unknown_artist,,True,met_art_data/images/unknown_artist_448959.jpg,met_collection_api_2026-04-09
363041,"Design for a Crucifix with the Virgin Mary, Saint Mary Magdalen, and Saint John",Polidoro da Caravaggio,Artist,n.d.,,,"Pen and brown ink, brush and brown wash, over traces of black chalk",15 7/8 x 9 5/16 in. (40.3 x 23.6 cm),Drawings and Prints,https://www.metmuseum.org/art/collection/search/363041,https://images.metmuseum.org/CRDImages/dp/original/DP801504.jpg,https://images.metmuseum.org/CRDImages/dp/web-large/DP801504.jpg,True,polidoro_da_caravaggio_363041.jpg,polidoro_da_caravaggio,,True,met_art_data/images/polidoro_da_caravaggio_363041.jpg,met_collection_api_2026-04-09
334030,"A radiant female figure beset by dark spirits; page 45 from the ""Images of Spain"" Album (F)",Goya (Francisco de Goya y Lucientes),Artist,ca. 1812–20,,,"Brush and point of brush, brown and gray washes, over touches or chalk",Sheet: 8 1/16 × 5 9/16 in. (20.4 × 14.2 cm),Drawings and Prints,https://www.metmuseum.org/art/collection/search/334030,https://images.metmuseum.org/CRDImages/dp/original/DP800210.jpg,https://images.metmuseum.org/CRDImages/dp/web-large/DP800210.jpg,True,goya_francisco_de_goya_y_lucientes_334030.jpg,goya_francisco_de_goya_y_lucientes,1812.0,True,met_art_data/images/goya_francisco_de_goya_y_lucientes_334030.jpg,met_collection_api_2026-04-09
205427,Vase (vase chinois) (one of a pair),Sèvres Manufactory,Manufactory,1791,,,"Hard-paste porcelain decorated in black enamel, platinum, two tones of gold; gilt metal; interior metal rod",Overall (confirmed): H. 15-1/8 x W. 5-1/2 x D. 5 in. (38.4 x 14 x 12.7 cm),European Sculpture and Decorative Arts,https://www.metmuseum.org/art/collection/search/205427,https://images.metmuseum.org/CRDImages/es/original/DP156524.jpg,https://images.metmuseum.org/CRDImages/es/web-large/DP156524.jpg,True,svres_manufactory_205427.jpg,svres_manufactory,1791.0,True,met_art_data/images/svres_manufactory_205427.jpg,met_collection_api_2026-04-09
436572,Christ Healing the Blind,El Greco (Domenikos Theotokopoulos),Artist,ca. 1570,,,Oil on canvas,47 x 57 1/2 in. (119.4 x 146.1 cm),European Paintings,https://www.metmuseum.org/art/collection/search/436572,https://images.metmuseum.org/CRDImages/ep/original/DP-26505-001.jpg,https://images.metmuseum.org/CRDImages/ep/web-large/DP-26505-001.jpg,True,el_greco_domenikos_theotokopoulos_436572.jpg,el_greco_domenikos_theotokopoulos,1570.0,True,met_art_data/images/el_greco_domenikos_theotokopoulos_436572.jpg,met_collection_api_2026-04-09
437878,A Maid Asleep,Johannes Vermeer,Artist,ca. 1656–57,,,Oil on canvas,34 1/2 x 30 1/8 in. (87.6 x 76.5 cm),European Paintings,https://www.metmuseum.org/art/collection/search/437878,https://images.metmuseum.org/CRDImages/ep/original/DP355525.jpg,https://images.metmuseum.org/CRDImages/ep/web-large/DP355525.jpg,True,johannes_vermeer_437878.jpg,johannes_vermeer,1656.0,True,met_art_data/images/johannes_vermeer_437878.jpg,met_collection_api_2026-04-09
436105,The Death of Socrates,Jacques Louis David,Artist,1787,,,Oil on canvas,51 x 77 1/4 in. (129.5 x 196.2 cm),European Paintings,https://www.metmuseum.org/art/collection/search/436105,https://images.metmuseum.org/CRDImages/ep/original/DP-13139-001.jpg,https://images.metmuseum.org/CRDImages/ep/web-large/DP-13139-001.jpg,True,jacques_louis_david_436105.jpg,jacques_louis_david,1787.0,True,met_art_data/images/jacques_louis_david_436105.jpg,met_collection_api_2026-04-09
437384,Salome,Henri Regnault,Artist,1870,,,Oil on canvas,63 x 40 1/2 in. (160 x 102.9 cm),European Paintings,https://www.metmuseum.org/art/collection/search/437384,https://images.metmuseum.org/CRDImages/ep/original/ep16.95.R.jpg,https://images.metmuseum.org/CRDImages/ep/web-large/ep16.95.R.jpg,True,henri_regnault_437384.jpg,henri_regnault,1870.0,True,met_art_data/images/henri_regnault_437384.jpg,met_collection_api_2026-04-09
40080,Fragrant Snow at Broken Bridge,Wang Mian,Artist,14th century,Yuan dynasty (1271–1368),China,Hanging scroll; ink on silk,"Image: 44 1/2 x 19 3/4 in. (113 x 50.2 cm)
Overall with colophons: 68 x 19 3/4 in. (172.7 x 50.2 cm)
Overall with mounting: 106 1/8 x 25 1/4 in. (269.6 x 64.1 cm)
Overall with knobs: 106 1/8 x 29 1/2 in. (269.6 x 74.9 cm)",Asian Art,https://www.metmuseum.org/art/collection/search/40080,https://images.metmuseum.org/CRDImages/as/original/DP258037.jpg,https://images.metmuseum.org/CRDImages/as/web-large/DP258037.jpg,True,wang_mian_40080.jpg,wang_mian,,True,met_art_data/images/wang_mian_40080.jpg,met_collection_api_2026-04-09
78145,Portrait of Bodhidharma,Hakuin Ekaku,Artist,mid-18th century,Edo period (1615–1868),Japan,Hanging scroll; ink on paper,"Image: 46 1/4 × 21 1/4 in. (117.5 × 54 cm)
Overall with mounting: 74 × 27 1/2 in. (188 × 69.9 cm)
Overall with knobs: 74 × 30 in. (188 × 76.2 cm)",Asian Art,https://www.metmuseum.org/art/collection/search/78145,https://images.metmuseum.org/CRDImages/as/original/DP355572.jpg,https://images.metmuseum.org/CRDImages/as/web-large/DP355572.jpg,True,hakuin_ekaku_78145.jpg,hakuin_ekaku,,True,met_art_data/images/hakuin_ekaku_78145.jpg,met_collection_api_2026-04-09
811771,A Seaman's Wife's Reckoning,Thomas Rowlandson,Artist,"July 15, 1812",,,Hand-colored etching,Sheet: 9 15/16 × 13 11/16 in. (25.2 × 34.8 cm),Drawings and Prints,https://www.metmuseum.org/art/collection/search/811771,https://images.metmuseum.org/CRDImages/dp/original/DP884507.jpg,https://images.metmuseum.org/CRDImages/dp/web-large/DP884507.jpg,True,thomas_rowlandson_811771.jpg,thomas_rowlandson,1812.0,True,met_art_data/images/thomas_rowlandson_811771.jpg,met_collection_api_2026-04-09
811772,A Seaman's Wife's Reckoning,Thomas Rowlandson,Artist,"July 15, 1812",,,Hand-colored etching,Sheet: 9 1/4 × 13 1/16 in. (23.5 × 33.2 cm),Drawings and Prints,https://www.metmuseum.org/art/collection/search/811772,https://images.metmuseum.org/CRDImages/dp/original/DP884506.jpg,https://images.metmuseum.org/CRDImages/dp/web-large/DP884506.jpg,True,thomas_rowlandson_811772.jpg,thomas_rowlandson,1812.0,True,met_art_data/images/thomas_rowlandson_811772.jpg,met_collection_api_2026-04-09
888663,Handscroll of Ten Homoerotic (Nanshoku) Scenes,Miyagawa Chōshun 宮川長春,Artist,early 18th century,Edo period (1615–1868),Japan,Handscroll; ink and colors on silk,Image: 10 11/16 in. × 11 ft. 1 7/8 in. (27.2 × 340 cm),Asian Art,https://www.metmuseum.org/art/collection/search/888663,https://images.metmuseum.org/CRDImages/as/original/DP-24890-002.jpg,https://images.metmuseum.org/CRDImages/as/web-large/DP-24890-002.jpg,True,miyagawa_chshun_888663.jpg,miyagawa_chshun,,True,met_art_data/images/miyagawa_chshun_888663.jpg,met_collection_api_2026-04-09
910942,Ego Mater pulchrae dilectionis Eccl. 24.,Claudine Bouzonnet Stella,Artist,1668,,,Etching and engraving,"Sheet: 17 1/8 × 21 1/8 in. (43.5 × 53.6 cm)
Plate: 16 11/16 × 20 5/8 in. (42.4 × 52.4 cm)
Mat: 20 1/4 × 26 1/2 in. (51.4 × 67.3 cm)",Drawings and Prints,https://www.metmuseum.org/art/collection/search/910942,https://images.metmuseum.org/CRDImages/dp/original/DP-34346-001.jpg,https://images.metmuseum.org/CRDImages/dp/web-large/DP-34346-001.jpg,True,claudine_bouzonnet_stella_910942.jpg,claudine_bouzonnet_stella,1668.0,True,met_art_data/images/claudine_bouzonnet_stella_910942.jpg,met_collection_api_2026-04-09
205737,Settee (one of a pair) (part of a set),Johann Michael Bauer,Maker,ca. 1763–64,,,"Carved, painted and gilded linden wood; squab pillow in silk velvet (not original)",43 x 54 1/2 x 25 1/4 in. (109.2 x 138.4 x 64.1cm),European Sculpture and Decorative Arts,https://www.metmuseum.org/art/collection/search/205737,https://images.metmuseum.org/CRDImages/es/original/es1974.356.121.R.jpg,https://images.metmuseum.org/CRDImages/es/web-large/es1974.356.121.R.jpg,True,johann_michael_bauer_205737.jpg,johann_michael_bauer,1763.0,True,met_art_data/images/johann_michael_bauer_205737.jpg,met_collection_api_2026-04-09
337896,Jupiter Fighting the Giants,Jacopo Zucchi,Artist,1540–96,,,"Pen and brown ink, brush with brown and mauve wash, highlighted with white gouache, over traces of black chalk, on light tan laid paper",Overall: 11 1/4 x 8 5/16 in. (28.6 x 21.1 cm),Drawings and Prints,https://www.metmuseum.org/art/collection/search/337896,https://images.metmuseum.org/CRDImages/dp/original/DP812805.jpg,https://images.metmuseum.org/CRDImages/dp/web-large/DP812805.jpg,True,jacopo_zucchi_337896.jpg,jacopo_zucchi,1540.0,True,met_art_data/images/jacopo_zucchi_337896.jpg,met_collection_api_2026-04-09
430812,"The True Issue or ""Thats Whats the Matter""",Currier & Ives,Publisher,1864,,,Lithograph,"Image: 9 7/16 × 14 3/16 in. (24 × 36 cm)
Sheet: 13 7/16 × 17 11/16 in. (34.2 × 45 cm)",Drawings and Prints,https://www.metmuseum.org/art/collection/search/430812,https://images.metmuseum.org/CRDImages/dp/original/DP831802.jpg,https://images.metmuseum.org/CRDImages/dp/web-large/DP831802.jpg,True,currier__ives_430812.jpg,currier__ives,1864.0,True,met_art_data/images/currier__ives_430812.jpg,met_collection_api_2026-04-09
850659,"The True Issue or ""Thats Whats the Matter""",Currier & Ives,Publisher,1864,,,Lithograph,"Image: 9 7/16 × 14 3/16 in. (24 × 36 cm)
Sheet: 12 3/8 × 16 1/16 in. (31.5 × 40.8 cm)",Drawings and Prints,https://www.metmuseum.org/art/collection/search/850659,https://images.metmuseum.org/CRDImages/dp/original/DP-21533-001.jpg,https://images.metmuseum.org/CRDImages/dp/web-large/DP-21533-001.jpg,True,currier__ives_850659.jpg,currier__ives,1864.0,True,met_art_data/images/currier__ives_850659.jpg,met_collection_api_2026-04-09
435817,The Crucifixion with the Virgin and Saint John,Hendrick ter Brugghen,Artist,ca. 1624–25,,,Oil on canvas,61 in. × 40 1/4 in. (154.9 × 102.2 cm),European Paintings,https://www.metmuseum.org/art/collection/search/435817,https://images.metmuseum.org/CRDImages/ep/original/DP146490.jpg,https://images.metmuseum.org/CRDImages/ep/web-large/DP146490.jpg,True,hendrick_ter_brugghen_435817.jpg,hendrick_ter_brugghen,1624.0,True,met_art_data/images/hendrick_ter_brugghen_435817.jpg,met_collection_api_2026-04-09
435807,The Smokers,Adriaen Brouwer,Artist,ca. 1636,,,Oil on wood,18 1/4 × 14 1/2 in. (46.4 × 36.8 cm),European Paintings,https://www.metmuseum.org/art/collection/search/435807,https://images.metmuseum.org/CRDImages/ep/original/DP-15904-001.jpg,https://images.metmuseum.org/CRDImages/ep/web-large/DP-15904-001.jpg,True,adriaen_brouwer_435807.jpg,adriaen_brouwer,1636.0,True,met_art_data/images/adriaen_brouwer_435807.jpg,met_collection_api_2026-04-09
437585,Market by the Seashore,Salomon van Ruysdael,Artist,1637,,,Oil on wood,16 x 23 3/8 in. (40.6 x 59.4 cm),European Paintings,https://www.metmuseum.org/art/collection/search/437585,https://images.metmuseum.org/CRDImages/ep/original/DP143181.jpg,https://images.metmuseum.org/CRDImages/ep/web-large/DP143181.jpg,True,salomon_van_ruysdael_437585.jpg,salomon_van_ruysdael,1637.0,True,met_art_data/images/salomon_van_ruysdael_437585.jpg,met_collection_api_2026-04-09
347927,Songs of Innocence: The Divine Image,William Blake,Artist,[1789] printed ca. 1825,,,Relief etching printed in orange-brown ink and hand-colored with watercolor and shell gold,sheet: 6 3/16 x 5 9/16 in. (15.7 x 14.1 cm),Drawings and Prints,https://www.metmuseum.org/art/collection/search/347927,https://images.metmuseum.org/CRDImages/dp/original/DP816659.jpg,https://images.metmuseum.org/CRDImages/dp/web-large/DP816659.jpg,True,william_blake_347927.jpg,william_blake,1789.0,True,met_art_data/images/william_blake_347927.jpg,met_collection_api_2026-04-09
283133,Spartan Soldier,Charles Nègre,Artist,1859,,,Albumen silver print from glass negative,Image: 35.3 x 43.5 cm (13 7/8 x 17 1/8 in.),Photographs,https://www.metmuseum.org/art/collection/search/283133,https://images.metmuseum.org/CRDImages/ph/original/DP279241.jpg,https://images.metmuseum.org/CRDImages/ph/web-large/DP279241.jpg,True,charles_ngre_283133.jpg,charles_ngre,1859.0,True,met_art_data/images/charles_ngre_283133.jpg,met_collection_api_2026-04-09
764636,The Last Toilet of Charlotte Corday,Lumb Stocks,Engraver,1869 or after,,,Engraving on chine collé,Sheet: 13 3/4 × 9 9/16 in. (35 × 24.3 cm),Drawings and Prints,https://www.metmuseum.org/art/collection/search/764636,https://images.metmuseum.org/CRDImages/dp/original/DP884893.jpg,https://images.metmuseum.org/CRDImages/dp/web-large/DP884893.jpg,True,lumb_stocks_764636.jpg,lumb_stocks,1869.0,True,met_art_data/images/lumb_stocks_764636.jpg,met_collection_api_2026-04-09
50168,Winter landscape with fisherman,Shi Zhong,Artist,late 15th–early 16th century,Ming dynasty (1368–1644),China,Hanging scroll; ink on paper,"Image: 56 x 12 5/8 in. (142.2 x 32.1 cm)
Overall with mounting: 83 1/2 x 19 1/8 in. (212.1 x 48.6 cm)
Overall with knobs: 83 1/2 x 22 1/2 in. (212.1 x 57.2 cm)",Asian Art,https://www.metmuseum.org/art/collection/search/50168,https://images.metmuseum.org/CRDImages/as/original/DP-21612-002.jpg,https://images.metmuseum.org/CRDImages/as/web-large/DP-21612-002.jpg,True,shi_zhong_50168.jpg,shi_zhong,,True,met_art_data/images/shi_zhong_50168.jpg,met_collection_api_2026-04-09
53238,Zheng Huangniu and Yushanzhu,Kano Naizen,Artist,early 17th century,Momoyama period (1573–1615),Japan,Pair of hanging scrolls; ink on paper,"Image (a): 44 in. × 18 11/16 in. (111.7 × 47.4 cm)
Overall with mounting (a): 78 11/16 × 24 5/8 in. (199.8 × 62.6 cm)
Overall with knobs (a): 78 11/16 × 26 9/16 in. (199.8 × 67.5 cm)
Image (b): 44 1/16 × 18 11/16 in. (111.9 × 47.4 cm)
Overall with mounting (b): 78 15/16 × 24 1/2 in. (200.5 × 62.3 cm)
Overall with knobs (b): 78 15/16 × 26 9/16 in. (200.5 × 67.4 cm)",Asian Art,https://www.metmuseum.org/art/collection/search/53238,https://images.metmuseum.org/CRDImages/as/original/DP361158.jpg,https://images.metmuseum.org/CRDImages/as/web-large/DP361158.jpg,True,kano_naizen_53238.jpg,kano_naizen,,True,met_art_data/images/kano_naizen_53238.jpg,met_collection_api_2026-04-09
736196,Valentine,Anonymous,Artist,1879,,,"Cameo-embossed  lace paper, chromolithography, graphite","Width: 2 5/8 in. (6.6 cm)
Length: 3 11/16 in. (9.3 cm)",Drawings and Prints,https://www.metmuseum.org/art/collection/search/736196,https://images.metmuseum.org/CRDImages/dp/original/DP886179.jpg,https://images.metmuseum.org/CRDImages/dp/web-large/DP886179.jpg,True,anonymous_736196.jpg,anonymous,1879.0,True,met_art_data/images/anonymous_736196.jpg,met_collection_api_2026-04-09
435991,A Woman Reading,Camille Corot,Artist,1869 and 1870,,,Oil on canvas,21 3/8 x 14 3/4 in. (54.3 x 37.5 cm),European Paintings,https://www.metmuseum.org/art/collection/search/435991,https://images.metmuseum.org/CRDImages/ep/original/DP-16589-001.jpg,https://images.metmuseum.org/CRDImages/ep/web-large/DP-16589-001.jpg,True,camille_corot_435991.jpg,camille_corot,1869.0,True,met_art_data/images/camille_corot_435991.jpg,met_collection_api_2026-04-09
759529,"Plate 30: Robert Macaire before his judges, from 'Caricaturana,' published in Les Robert Macaires",Honoré Daumier,Artist,1838,,,Lithograph on wove paper; second state of two (Delteil),"Image: 7 15/16 × 10 7/8 in. (20.1 × 27.6 cm)
Sheet: 10 1/4 × 13 7/16 in. (26.1 × 34.1 cm)",Drawings and Prints,https://www.metmuseum.org/art/collection/search/759529,https://images.metmuseum.org/CRDImages/dp/original/DP878062.jpg,https://images.metmuseum.org/CRDImages/dp/web-large/DP878062.jpg,True,honor_daumier_759529.jpg,honor_daumier,1838.0,True,met_art_data/images/honor_daumier_759529.jpg,met_collection_api_2026-04-09
452121,"""Sam Seals His Pact with Sindukht"", Folio 85v from the Shahnama (Book of Kings) of Shah Tahmasp",Abu'l Qasim Firdausi,Author,ca. 1525–30,,,"Opaque watercolor, ink, silver, and gold on paper","Painting: 
            H. 10 15/16 in. (27.9 cm)
            W. 7 3/16 in. (18.3 cm)
Entire Page: 
            H. 18 9/16 in. (47.1 cm)
            W. 12 1/2 in. (31.8 cm)",Islamic Art,https://www.metmuseum.org/art/collection/search/452121,https://images.metmuseum.org/CRDImages/is/original/DP107128.jpg,https://images.metmuseum.org/CRDImages/is/web-large/DP107128.jpg,True,abul_qasim_firdausi_452121.jpg,abul_qasim_firdausi,1525.0,True,met_art_data/images/abul_qasim_firdausi_452121.jpg,met_collection_api_2026-04-09
206628,Eagle owl,Meissen Manufactory,Manufactory,ca. 1735,,,Hard-paste porcelain,"Overall (confirmed): 20 1/2 x 11 9/16 x 9 3/8 in., 27.5lb. (52.1 x 29.4 x 23.8 cm, 12.4739kg)",European Sculpture and Decorative Arts,https://www.metmuseum.org/art/collection/search/206628,https://images.metmuseum.org/CRDImages/es/original/DP168325.jpg,https://images.metmuseum.org/CRDImages/es/web-large/DP168325.jpg,True,meissen_manufactory_206628.jpg,meissen_manufactory,1735.0,True,met_art_data/images/meissen_manufactory_206628.jpg,met_collection_api_2026-04-09
60470,On Reclusion,Sesson Yūbai 雪村友梅,Artist,first half 14th century,Nanbokuchō period (1336–92),Japan,Hanging scroll; ink on paper,"Image: 16 x 23 3/8 in. (40.6 x 59.4 cm)
Overall with mounting: 51 x 29 1/8 in. (129.5 x 74 cm)
Overall with knobs: 51 x 31 3/16 in. (129.5 x 79.2 cm)",Asian Art,https://www.metmuseum.org/art/collection/search/60470,https://images.metmuseum.org/CRDImages/as/original/DP298241.jpg,https://images.metmuseum.org/CRDImages/as/web-large/DP298241.jpg,True,sesson_ybai_60470.jpg,sesson_ybai,,True,met_art_data/images/sesson_ybai_60470.jpg,met_collection_api_2026-04-09
347924,Songs of Innocence: Laughing Song,William Blake,Artist,[1789] printed ca. 1825,,,Relief etching printed in orange-brown ink and hand-colored with watercolor and shell gold,sheet: 6 3/16 x 5 9/16 in. (15.7 x 14.1 cm),Drawings and Prints,https://www.metmuseum.org/art/collection/search/347924,https://images.metmuseum.org/CRDImages/dp/original/DP816656.jpg,https://images.metmuseum.org/CRDImages/dp/web-large/DP816656.jpg,True,william_blake_347924.jpg,william_blake,1789.0,True,met_art_data/images/william_blake_347924.jpg,met_collection_api_2026-04-09
775441,Valentine: Puzzle Purse,"Anonymous, British or American, 19th century",Artist,1826,,,"Watercolor, gold paint",Sheet: 12 5/8 × 12 3/16 in. (32 × 31 cm),Drawings and Prints,https://www.metmuseum.org/art/collection/search/775441,https://images.metmuseum.org/CRDImages/dp/original/DP879753.jpg,https://images.metmuseum.org/CRDImages/dp/web-large/DP879753.jpg,True,anonymous_british_or_american_19th_century_775441.jpg,anonymous_british_or_american_19th_century,1826.0,True,met_art_data/images/anonymous_british_or_american_19th_century_775441.jpg,met_collection_api_2026-04-09
228995,"The New Testament, The Book of Common Prayer",Robert Barker,Printer,ca. 1636,,,"Silk, bullion, silver, and silver-gilt thread on canvas and satin",7 1/8 x 4 3/4 in. (18.1 x 12.1cm),European Sculpture and Decorative Arts,https://www.metmuseum.org/art/collection/search/228995,https://images.metmuseum.org/CRDImages/es/original/DP153222.jpg,https://images.metmuseum.org/CRDImages/es/web-large/DP153222.jpg,True,robert_barker_228995.jpg,robert_barker,1636.0,True,met_art_data/images/robert_barker_228995.jpg,met_collection_api_2026-04-09
418427,View Near Fishkill (No. 17 of The Hudson River Portfolio),John Hill,Etcher,1823–24,,,Aquatint printed in color with hand-coloring; first state of two or three (Koke),"Image: 14 1/16 x 20 3/16 in. (35.7 x 51.3 cm)
Sheet: 19 x 24 1/2 in. (48.3 x 62.2 cm)",Drawings and Prints,https://www.metmuseum.org/art/collection/search/418427,https://images.metmuseum.org/CRDImages/dp/original/DP-12939-001.jpg,https://images.metmuseum.org/CRDImages/dp/web-large/DP-12939-001.jpg,True,john_hill_418427.jpg,john_hill,1823.0,True,met_art_data/images/john_hill_418427.jpg,met_collection_api_2026-04-09
436607,An Allegory,Domenico Guidobono,Artist,1710–20,,,Oil on canvas,56 3/4 x 92 1/4 in. (144.1 x 234.3 cm),European Paintings,https://www.metmuseum.org/art/collection/search/436607,https://images.metmuseum.org/CRDImages/ep/original/EP542.jpg,https://images.metmuseum.org/CRDImages/ep/web-large/EP542.jpg,True,domenico_guidobono_436607.jpg,domenico_guidobono,1710.0,True,met_art_data/images/domenico_guidobono_436607.jpg,met_collection_api_2026-04-09
452651,"""Isfandiyar's Third Course: He Slays a Dragon"", Folio from a Shahnama (Book of Kings)",Abu'l Qasim Firdausi,Author,ca. 1330–40,,,"Ink, opaque watercolor, gold, and silver on paper","Page: 8 1/8 x 5 1/4 in. (20.6 x 13.4 cm)
Painting: H. 1 5/8 in. (4.2 cm)
                 W.4 3/16 in. (10.6 cm)",Islamic Art,https://www.metmuseum.org/art/collection/search/452651,https://images.metmuseum.org/CRDImages/is/original/DP108574.jpg,https://images.metmuseum.org/CRDImages/is/web-large/DP108574.jpg,True,abul_qasim_firdausi_452651.jpg,abul_qasim_firdausi,1330.0,True,met_art_data/images/abul_qasim_firdausi_452651.jpg,met_collection_api_2026-04-09
452740,Seal Stone,Unknown Artist,,10th–11th century,,,Hematite; incised with gold fittings,"L. 13/32 in. (1 cm)
W. 9/32 in. (.7 cm)
D. 9/32 in. (.7 cm)",Islamic Art,https://www.metmuseum.org/art/collection/search/452740,https://images.metmuseum.org/CRDImages/is/original/sf1975-118a.jpg,https://images.metmuseum.org/CRDImages/is/web-large/sf1975-118a.jpg,True,unknown_artist_452740.jpg,unknown_artist,,True,met_art_data/images/unknown_artist_452740.jpg,met_collection_api_2026-04-09
194964,Pair of vases,Haviland & Co.,Manufactory,ca. 1884–86,,,Hard-paste porcelain,Height (each): 9 3/4 in. (24.8 cm),European Sculpture and Decorative Arts,https://www.metmuseum.org/art/collection/search/194964,https://images.metmuseum.org/CRDImages/es/original/DP339374.jpg,https://images.metmuseum.org/CRDImages/es/web-large/DP339374.jpg,True,haviland__co_194964.jpg,haviland__co,1884.0,True,met_art_data/images/haviland__co_194964.jpg,met_collection_api_2026-04-09
200840,Glass cooler (seau à verre),Saint-Cloud factory,Factory,ca. 1725–30,,,"Soft-paste porcelain decorated in polychrome enamels, gold",Overall (confirmed): 4 5/16 × 5 11/16 × 4 7/8 in. (11 × 14.4 × 12.4 cm),European Sculpture and Decorative Arts,https://www.metmuseum.org/art/collection/search/200840,https://images.metmuseum.org/CRDImages/es/original/DP169174.jpg,https://images.metmuseum.org/CRDImages/es/web-large/DP169174.jpg,True,saintcloud_factory_200840.jpg,saintcloud_factory,1725.0,True,met_art_data/images/saintcloud_factory_200840.jpg,met_collection_api_2026-04-09
13875,"Quilt, Presentation pattern",Mary Hergenroder Simon,Designer,ca. 1849,,American,Cotton and silk velvet,106 1/4 x 103 3/4 in. (269.9 x 263.5 cm),The American Wing,https://www.metmuseum.org/art/collection/search/13875,https://images.metmuseum.org/CRDImages/ad/original/DT1825.jpg,https://images.metmuseum.org/CRDImages/ad/web-large/DT1825.jpg,True,mary_hergenroder_simon_13875.jpg,mary_hergenroder_simon,1849.0,True,met_art_data/images/mary_hergenroder_simon_13875.jpg,met_collection_api_2026-04-09
437405,A Young Woman as a Shepherdess,Govert Flinck,Artist,,,,"Oil on canvas, transferred from wood","Oval, 26 1/4 x 19 7/8 in. (66.7 x 50.5 cm)",European Paintings,https://www.metmuseum.org/art/collection/search/437405,https://images.metmuseum.org/CRDImages/ep/original/DP146492.jpg,https://images.metmuseum.org/CRDImages/ep/web-large/DP146492.jpg,True,govert_flinck_437405.jpg,govert_flinck,,True,met_art_data/images/govert_flinck_437405.jpg,met_collection_api_2026-04-09
468350,Case (étui) with an amorous inscription,Unknown Artist,,1450–1500,,Italian,"Leather (Cuir bouilli), wood core, red cord","Overall (case only): 8 1/4 x 3 1/8 x 3 1/4 in. (20.9 x 8 x 8.2 cm)
Overall (with strap extended): 15 9/16 x 3 1/8 x 3 1/4 in. (39.6 x 8 x 8.2 cm)",Medieval Art,https://www.metmuseum.org/art/collection/search/468350,https://images.metmuseum.org/CRDImages/md/original/DP154235.jpg,https://images.metmuseum.org/CRDImages/md/web-large/DP154235.jpg,True,unknown_artist_468350.jpg,unknown_artist,1450.0,True,met_art_data/images/unknown_artist_468350.jpg,met_collection_api_2026-04-09
228990,Adam and Eve with Charles I and Henrietta Maria,Unknown Artist,,after 1634,,,Canvas worked with silk and metal thread; tent and couching stitches,Overall: 19 3/4 x 21 3/8 in. (50.2 x 54.3 cm),European Sculpture and Decorative Arts,https://www.metmuseum.org/art/collection/search/228990,https://images.metmuseum.org/CRDImages/es/original/DP158590.jpg,https://images.metmuseum.org/CRDImages/es/web-large/DP158590.jpg,True,unknown_artist_228990.jpg,unknown_artist,1634.0,True,met_art_data/images/unknown_artist_228990.jpg,met_collection_api_2026-04-09
435645,Madonna and Child,Jacopo Bellini,Artist,probably 1440s,,,"Tempera on wood, gold ground","Overall, with arched top, 34 1/2 x 25 in. (87.6 x 63.5 cm); painted surface 30 1/2 x 21 3/4 in. (77.5 x 55.2 cm)",European Paintings,https://www.metmuseum.org/art/collection/search/435645,https://images.metmuseum.org/CRDImages/ep/original/DP255395.jpg,https://images.metmuseum.org/CRDImages/ep/web-large/DP255395.jpg,True,jacopo_bellini_435645.jpg,jacopo_bellini,1440.0,True,met_art_data/images/jacopo_bellini_435645.jpg,met_collection_api_2026-04-09
436177,George Sand's Garden at Nohant,Eugène Delacroix,Artist,ca. 1842–43,,,Oil on canvas,17 7/8 x 21 3/4 in. (45.4 x 55.2 cm),European Paintings,https://www.metmuseum.org/art/collection/search/436177,https://images.metmuseum.org/CRDImages/ep/original/DP-14092-001.jpg,https://images.metmuseum.org/CRDImages/ep/web-large/DP-14092-001.jpg,True,eugne_delacroix_436177.jpg,eugne_delacroix,1842.0,True,met_art_data/images/eugne_delacroix_436177.jpg,met_collection_api_2026-04-09
49147,Letters to Fang Shiguan,Bada Shanren (Zhu Da),Artist,datable to ca. 1688–1705,Qing dynasty (1644–1911),China,Album of ten leaves; ink on patterned and plain paper,"Image (leaf a, right letter): 7 3/4 x 5 7/16 in. (19.7 x 13.8 cm)
Image (leaf a, left letter): 7 1/4 x 4 9/16 in. (18.4 x 11.6 cm)
Image (leaf b, right letter): 7 1/2 x 5 3/16 in. (19.1 x 13.2 cm)
Image (leaf b, left letter): 7 x 4 9/16 in. (17.8 x 11.6 cm)
Image (leaf c, right letter): 7 1/2 x 5 3/16 in. (19.1 x 13.2 cm)
Image (leaf c, left letter): 7 1/4 x 4 9/16 in. (18.4 x 11.6 cm)
Image (leaf d, right letter): 7 1/2 x 5 3/16 in. (19.1 x 13.2 cm)
Image (leaf d, left letter): 7 1/4 x 4 9/16 in. (18.4 x 11.6 cm)
Image (leaf e, right letter): 7 5/8 x 5 3/16 in. (19.4 x 13.2 cm)
Image (leaf e, left letter): 7 1/4 x 4 3/4 in. (18.4 x 12.1 cm)",Asian Art,https://www.metmuseum.org/art/collection/search/49147,https://images.metmuseum.org/CRDImages/as/original/CT_35767.jpg,https://images.metmuseum.org/CRDImages/as/web-large/CT_35767.jpg,True,bada_shanren_zhu_da_49147.jpg,bada_shanren_zhu_da,1688.0,True,met_art_data/images/bada_shanren_zhu_da_49147.jpg,met_collection_api_2026-04-09
453385,Anthology of Persian Poetry in Oblong Format (Safina),Sultan Muhammad Nur,Calligrapher,dated 905 AH/1499–1500 CE,,,"Ink, watercolor, and gold on paper.
Binding: leather","H. 8 1/4 in. (21 cm)
W. 3 in. (7.6 cm)",Islamic Art,https://www.metmuseum.org/art/collection/search/453385,https://images.metmuseum.org/CRDImages/is/original/DP235838.jpg,https://images.metmuseum.org/CRDImages/is/web-large/DP235838.jpg,True,sultan_muhammad_nur_453385.jpg,sultan_muhammad_nur,905.0,True,met_art_data/images/sultan_muhammad_nur_453385.jpg,met_collection_api_2026-04-09
53454,Two Poems from the Collection of Ancient and Modern Poems (Kokin wakashū),Ike no Taiga,Artist,1734,Edo period (1615–1868),Japan,Hanging scroll; ink on paper,"Image: 10 1/2 × 13 1/8 in. (26.7 × 33.3 cm)
Overall with mounting: 42 15/16 × 17 7/8 in. (109 × 45.4 cm)
Overall with knobs: 42 15/16 × 20 1/2 in. (109 × 52 cm)",Asian Art,https://www.metmuseum.org/art/collection/search/53454,https://images.metmuseum.org/CRDImages/as/original/DP-12232-304.jpg,https://images.metmuseum.org/CRDImages/as/web-large/DP-12232-304.jpg,True,ike_no_taiga_53454.jpg,ike_no_taiga,1734.0,True,met_art_data/images/ike_no_taiga_53454.jpg,met_collection_api_2026-04-09
437547,Grainfields,Jacob van Ruisdael,Artist,mid- or late 1660s,,,Oil on canvas,18 1/2 x 22 1/2 in. (47 x 57.2 cm),European Paintings,https://www.metmuseum.org/art/collection/search/437547,https://images.metmuseum.org/CRDImages/ep/original/DP146453.jpg,https://images.metmuseum.org/CRDImages/ep/web-large/DP146453.jpg,True,jacob_van_ruisdael_437547.jpg,jacob_van_ruisdael,1660.0,True,met_art_data/images/jacob_van_ruisdael_437547.jpg,met_collection_api_2026-04-09
437873,"Philip IV (1605–1665), King of Spain",Velázquez (Diego Rodríguez de Silva y Velázquez),Artist,probably 1624,,,Oil on canvas,78 3/4 x 40 1/2 in. (200 x 102.9 cm),European Paintings,https://www.metmuseum.org/art/collection/search/437873,https://images.metmuseum.org/CRDImages/ep/original/DP239023.jpg,https://images.metmuseum.org/CRDImages/ep/web-large/DP239023.jpg,True,velzquez_diego_rodrguez_de_silva_y_velzquez_437873.jpg,velzquez_diego_rodrguez_de_silva_y_velzquez,1624.0,True,met_art_data/images/velzquez_diego_rodrguez_de_silva_y_velzquez_437873.jpg,met_collection_api_2026-04-09
53455,Pine Tree and Calligraphy,Ike no Taiga,Artist,late 18th–early 19th century,Edo period (1615–1868),Japan,Album leaves mounted as hanging scrolls; ink on paper,"Image (a): 9 in. × 14 7/16 in. (22.8 × 36.6 cm)
Overall with mounting (a): 39 3/8 × 19 7/16 in. (100 × 49.4 cm)
Overall with knobs (a): 39 3/8 × 21 7/16 in. (100 × 54.5 cm)
Image (b): 9 5/16 × 14 15/16 in. (23.6 × 38 cm)
Overall with mounting (b): 39 3/8 × 19 1/2 in. (100 × 49.6 cm)
Overall with knobs (b): 39 3/8 × 21 9/16 in. (100 × 54.7 cm)",Asian Art,https://www.metmuseum.org/art/collection/search/53455,https://images.metmuseum.org/CRDImages/as/original/DP357987.jpg,https://images.metmuseum.org/CRDImages/as/web-large/DP357987.jpg,True,ike_no_taiga_53455.jpg,ike_no_taiga,,True,met_art_data/images/ike_no_taiga_53455.jpg,met_collection_api_2026-04-09
670542,Evening Glow in a Mountain Village and Calligraphy,Ike no Taiga,Artist,late 18th–early 19th century,Edo period (1615–1868),Japan,Album leaves mounted as hanging scrolls; ink on paper,"Image (each): 9 × 14 5/8 in. (22.9 × 37.1 cm)
Overall with mounting (each): 39 1/4 × 21 1/2 in. (99.7 × 54.6 cm)",Asian Art,https://www.metmuseum.org/art/collection/search/670542,https://images.metmuseum.org/CRDImages/as/original/DP-12232-187.jpg,https://images.metmuseum.org/CRDImages/as/web-large/DP-12232-187.jpg,True,ike_no_taiga_670542.jpg,ike_no_taiga,,True,met_art_data/images/ike_no_taiga_670542.jpg,met_collection_api_2026-04-09
671043,“Paintings by Taigadō with Colophons”,Ike no Taiga,Calligrapher,late 18th–early 19th century,Edo period (1615–1868),Japan,Album,"Image: 11 7/8 × 16 1/4 in. (30.2 × 41.2 cm)
Album: 11 7/8 × 15 7/8 × 1 3/16 in. (30.2 × 40.4 × 3 cm)",Asian Art,https://www.metmuseum.org/art/collection/search/671043,https://images.metmuseum.org/CRDImages/as/original/2015_300_248_S1_Burke.jpg,https://images.metmuseum.org/CRDImages/as/web-large/2015_300_248_S1_Burke.jpg,True,ike_no_taiga_671043.jpg,ike_no_taiga,,True,met_art_data/images/ike_no_taiga_671043.jpg,met_collection_api_2026-04-09
451287,"""Page of Calligraphy Illuminated with Animals and Plants in a Field of Flowers"", Folio from the Shah Jahan Album",Nanha,Artist,verso: ca. 1610–15; recto: ca.1535–45,,,"Ink, opaque watercolor, and gold on paper","H. 15 1/16 in. (38.3 cm)
W. 10 5/16 in. (26.2 cm)",Islamic Art,https://www.metmuseum.org/art/collection/search/451287,https://images.metmuseum.org/CRDImages/is/original/DP231356.jpg,https://images.metmuseum.org/CRDImages/is/web-large/DP231356.jpg,True,nanha_451287.jpg,nanha,1610.0,True,met_art_data/images/nanha_451287.jpg,met_collection_api_2026-04-09
670541,Fishing Boat on Reed Covered Bank and Calligraphy,Ike no Taiga,Artist,18th–19th century,Edo period (1615–1868),Japan,Album leaves mounted as hanging scrolls; ink on paper,"Image (a): 8 7/8 × 14 3/4 in. (22.6 × 37.5 cm)
Overall with mounting (a): 39 3/8 × 19 1/2 in. (100 × 49.5 cm)
Overall with knobs (a): 39 3/8 × 21 1/2 in. (100 × 54.6 cm)
Image (b): 9 3/16 × 14 1/2 in. (23.4 × 36.9 cm)
Overall with mounting (b): 39 3/8 × 19 9/16 in. (100 × 49.7 cm)
Overall with knobs (b): 39 3/8 × 21 7/8 in. (100 × 55.5 cm)",Asian Art,https://www.metmuseum.org/art/collection/search/670541,https://images.metmuseum.org/CRDImages/as/original/DP-12232-182.jpg,https://images.metmuseum.org/CRDImages/as/web-large/DP-12232-182.jpg,True,ike_no_taiga_670541.jpg,ike_no_taiga,,True,met_art_data/images/ike_no_taiga_670541.jpg,met_collection_api_2026-04-09
670540,Mountain and Calligraphy,Ike no Taiga,Artist,18th–19th century,Edo period (1615–1868),Japan,Album leaves mounted as hanging scrolls; ink on paper,"Image (a): 8 3/4 × 14 7/16 in. (22.2 × 36.7 cm)
Overall with mounting (a): 39 3/16 × 19 1/2 in. (99.5 × 49.5 cm)
Overall with knobs (a): 39 3/16 × 21 7/16 in. (99.5 × 54.5 cm)
Image (b): 9 1/8 × 14 7/16 in. (23.1 × 36.7 cm)
Overall with mounting (b): 39 5/16 × 19 7/16 in. (99.8 × 49.3 cm)
Overall with knobs (b): 39 5/16 × 21 7/16 in. (99.8 × 54.5 cm)
Image (c): 8 11/16 × 14 7/16 in. (22 × 36.7 cm)
Overall with mounting (c): 39 3/8 × 19 7/16 in. (100 × 49.4 cm)
Overall with knobs (c): 39 3/8 × 21 1/2 in. (100 × 54.6 cm)",Asian Art,https://www.metmuseum.org/art/collection/search/670540,https://images.metmuseum.org/CRDImages/as/original/DP-12232-175.jpg,https://images.metmuseum.org/CRDImages/as/web-large/DP-12232-175.jpg,True,ike_no_taiga_670540.jpg,ike_no_taiga,,True,met_art_data/images/ike_no_taiga_670540.jpg,met_collection_api_2026-04-09
437082,The Baker's Cart,Jean Michelin,Artist,1656,,,Oil on canvas,38 3/4 x 49 3/8 in. (98.4 x 125.4 cm),European Paintings,https://www.metmuseum.org/art/collection/search/437082,https://images.metmuseum.org/CRDImages/ep/original/DP366472.jpg,https://images.metmuseum.org/CRDImages/ep/web-large/DP366472.jpg,True,jean_michelin_437082.jpg,jean_michelin,1656.0,True,met_art_data/images/jean_michelin_437082.jpg,met_collection_api_2026-04-09
39742,"The Deity Vajrabhairava, Tantric Form of the Bodhisattva Manjushri",Unknown Artist,,early 15th century,Ming dynasty (1368–1644),China,Silk embroidery with metal thread and horsehair on silk satin,Overall: 57 1/2 x 30 in. (146.1 x 76.2 cm),Asian Art,https://www.metmuseum.org/art/collection/search/39742,https://images.metmuseum.org/CRDImages/as/original/DP-15583-002.jpg,https://images.metmuseum.org/CRDImages/as/web-large/DP-15583-002.jpg,True,unknown_artist_39742.jpg,unknown_artist,,True,met_art_data/images/unknown_artist_39742.jpg,met_collection_api_2026-04-09
44759,"Landscapes, Figures, and Flowers",Chen Hongshou,Artist,dated 1618–22,Ming dynasty (1368–1644),China,Album of twelve leaves; ink and color on paper,"Image: 8 3/4 × 3 5/8 in. (22.2 × 9.2 cm)
Inscription: 8 3/4 × 3 5/8 in. (22.2 × 9.2 cm)",Asian Art,https://www.metmuseum.org/art/collection/search/44759,https://images.metmuseum.org/CRDImages/as/original/1985_121_A_sf.jpg,https://images.metmuseum.org/CRDImages/as/web-large/1985_121_A_sf.jpg,True,chen_hongshou_44759.jpg,chen_hongshou,1618.0,True,met_art_data/images/chen_hongshou_44759.jpg,met_collection_api_2026-04-09
37807,"Yamantaka, Destroyer of the God of Death",Unknown Artist,,early 18th century,,Tibet,Distemper on cloth,"Image: 72 1/2 × 46 5/8 in. (184.2 × 118.4 cm)
Mount (from yellow brocade outer edge to yellow brocade outer edge): 83 in. × 57 3/4 in. (210.8 × 146.7 cm)
Overall with mounting (edge to edge, blue outer mounting fabric): 99 1/2 in. × 69 1/8 in. (252.7 × 175.6 cm)",Asian Art,https://www.metmuseum.org/art/collection/search/37807,https://images.metmuseum.org/CRDImages/as/original/DT247.jpg,https://images.metmuseum.org/CRDImages/as/web-large/DT247.jpg,True,unknown_artist_37807.jpg,unknown_artist,,True,met_art_data/images/unknown_artist_37807.jpg,met_collection_api_2026-04-09
201718,Street vendor,Mennecy,Manufactory,ca. 1750–60,,,Soft-paste porcelain,Overall (confirmed): 9 3/8 × 4 5/8 × 5 3/16 in. (23.8 × 11.7 × 13.2 cm),European Sculpture and Decorative Arts,https://www.metmuseum.org/art/collection/search/201718,https://images.metmuseum.org/CRDImages/es/original/DP241968.jpg,https://images.metmuseum.org/CRDImages/es/web-large/DP241968.jpg,True,mennecy_201718.jpg,mennecy,1750.0,True,met_art_data/images/mennecy_201718.jpg,met_collection_api_2026-04-09
73159,Portrait of Li Xiangjun,Cui He,Artist,dated 1817,Qing dynasty (1644–1911),China,Hanging scroll; ink and color on paper,"Image: 20 5/8 x 49 in. (52.4 x 124.5 cm)
Overall with knobs: 104 1/16 x 30 1/4 in. (264.3 x 76.8 cm)",Asian Art,https://www.metmuseum.org/art/collection/search/73159,https://images.metmuseum.org/CRDImages/as/original/DP146997.jpg,https://images.metmuseum.org/CRDImages/as/web-large/DP146997.jpg,True,cui_he_73159.jpg,cui_he,1817.0,True,met_art_data/images/cui_he_73159.jpg,met_collection_api_2026-04-09
464118,Crozier Head with Double Enthroned Christ,Unknown Artist,,ca. 1350–1375,,Italian,Elephant ivory with traces of modern paint and gilding,"Overall: 7 5/16 x 4 1/16 x 1 1/4 in. (18.6 x 10.3 x 3.1 cm)
Shaft: 1 3/16 x 1 1/4 in. (3 x 3.1 cm)
Base: 4 1/4 x 5 1/16 x 4 1/4 in. (10.8 x 12.8 x 10.8 cm)",Medieval Art,https://www.metmuseum.org/art/collection/search/464118,https://images.metmuseum.org/CRDImages/md/original/sf17-190-171s6.jpg,https://images.metmuseum.org/CRDImages/md/web-large/sf17-190-171s6.jpg,True,unknown_artist_464118.jpg,unknown_artist,1350.0,True,met_art_data/images/unknown_artist_464118.jpg,met_collection_api_2026-04-09
436103,Virgin and Child,Gerard David,Artist,ca. 1520,,,Oil on wood,"Overall 10 x 8 1/4 in. (25.4 x 21 cm), with added strip of 3/8 in. (1 cm) at top; painted surface 9 5/8 x 8 1/4 in. (24.4 x 21 cm)",European Paintings,https://www.metmuseum.org/art/collection/search/436103,https://images.metmuseum.org/CRDImages/ep/original/DT1482.jpg,https://images.metmuseum.org/CRDImages/ep/web-large/DT1482.jpg,True,gerard_david_436103.jpg,gerard_david,1520.0,True,met_art_data/images/gerard_david_436103.jpg,met_collection_api_2026-04-09
435626,Porte de la Reine at Aigues-Mortes,Jean-Frédéric Bazille,Artist,1867,,,Oil on canvas,31 3/4 x 39 1/4 in. (80.6 x 99.7 cm),European Paintings,https://www.metmuseum.org/art/collection/search/435626,https://images.metmuseum.org/CRDImages/ep/original/DP-17243-001.jpg,https://images.metmuseum.org/CRDImages/ep/web-large/DP-17243-001.jpg,True,jeanfrdric_bazille_435626.jpg,jeanfrdric_bazille,1867.0,True,met_art_data/images/jeanfrdric_bazille_435626.jpg,met_collection_api_2026-04-09
437770,Saint Agapitus of Praeneste in the Arena; (interior) The Beheading of Saint Agapitus of Praeneste,Swiss Painter,Artist,ca. 1500–1505,,,"Oil, gold, and white metal on wood",54 1/4 x 30 1/2 in. (137.8 x 77.5 cm),European Paintings,https://www.metmuseum.org/art/collection/search/437770,https://images.metmuseum.org/CRDImages/ep/original/DP164845.jpg,https://images.metmuseum.org/CRDImages/ep/web-large/DP164845.jpg,True,swiss_painter_437770.jpg,swiss_painter,1500.0,True,met_art_data/images/swiss_painter_437770.jpg,met_collection_api_2026-04-09
203062,Two Opera Singers,Meissen Manufactory,Manufactory,1749–50,,,Hard-paste porcelain,Overall (confirmed): 9 1/2 x 11 3/8 x 6 7/8 in. (24.1 x 28.9 x 17.5 cm),European Sculpture and Decorative Arts,https://www.metmuseum.org/art/collection/search/203062,https://images.metmuseum.org/CRDImages/es/original/DP211737.jpg,https://images.metmuseum.org/CRDImages/es/web-large/DP211737.jpg,True,meissen_manufactory_203062.jpg,meissen_manufactory,1749.0,True,met_art_data/images/meissen_manufactory_203062.jpg,met_collection_api_2026-04-09
323943,Jug in the form of a recumbent bull,Unknown Artist,,ca. 7th–6th century BCE,Iron Age III,Iran,"Ceramic, paint",6 5/16 × 11 15/16 × 5 1/8 in. (16 × 30.4 × 13 cm),Ancient West Asian Art,https://www.metmuseum.org/art/collection/search/323943,https://images.metmuseum.org/CRDImages/an/original/DP-25538-001.jpg,https://images.metmuseum.org/CRDImages/an/web-large/DP-25538-001.jpg,True,unknown_artist_323943.jpg,unknown_artist,,True,met_art_data/images/unknown_artist_323943.jpg,met_collection_api_2026-04-09
437771,Saint Remigius Replenishing the Barrel of Wine; (interior) Saint Remigius and the Burning Wheat,Swiss Painter,Artist,ca. 1500–1505,,,"Oil, gold, and white metal on wood",54 1/4 x 30 1/2 in. (137.8 x 77.5 cm),European Paintings,https://www.metmuseum.org/art/collection/search/437771,https://images.metmuseum.org/CRDImages/ep/original/DT256630.jpg,https://images.metmuseum.org/CRDImages/ep/web-large/DT256630.jpg,True,swiss_painter_437771.jpg,swiss_painter,1500.0,True,met_art_data/images/swiss_painter_437771.jpg,met_collection_api_2026-04-09
436551,"Ferdinand VII (1784–1833), When Prince of Asturias",Goya,Artist,ca. 1800,,,Oil on canvas,32 3/4 x 26 1/4 in. (83.2 x 66.7 cm),European Paintings,https://www.metmuseum.org/art/collection/search/436551,https://images.metmuseum.org/CRDImages/ep/original/DP-22708-001.jpg,https://images.metmuseum.org/CRDImages/ep/web-large/DP-22708-001.jpg,True,goya_436551.jpg,goya,1800.0,True,met_art_data/images/goya_436551.jpg,met_collection_api_2026-04-09
464132,Right Leaf of a Diptych,Unknown Artist,,14th century,,French,Elephant ivory,Overall: 6 11/16 x 4 5/16 x 3/8 in. (17 x 11 x 1 cm),Medieval Art,https://www.metmuseum.org/art/collection/search/464132,https://images.metmuseum.org/CRDImages/md/original/sf17-190-176s1.jpg,https://images.metmuseum.org/CRDImages/md/web-large/sf17-190-176s1.jpg,True,unknown_artist_464132.jpg,unknown_artist,,True,met_art_data/images/unknown_artist_464132.jpg,met_collection_api_2026-04-09
828497,An Old Man with a Dog,Giacomo Ceruti,Artist,1740s,,,Oil on canvas,25 9/16 × 17 11/16 in. (65 × 45 cm),European Paintings,https://www.metmuseum.org/art/collection/search/828497,https://images.metmuseum.org/CRDImages/ep/original/DP-18781-001.jpg,https://images.metmuseum.org/CRDImages/ep/web-large/DP-18781-001.jpg,True,giacomo_ceruti_828497.jpg,giacomo_ceruti,1740.0,True,met_art_data/images/giacomo_ceruti_828497.jpg,met_collection_api_2026-04-09
40007,Cloudy Mountains,Mi Youren,Artist,before 1200,Southern Song dynasty (1127–1279),China,Handscroll; ink on paper,"Image: 10 7/8 × 22 7/16 in. (27.6 × 57 cm)
Overall with mounting: 11 3/16 in. × 24 ft. 6 3/16 in. (28.4 × 747.2 cm)",Asian Art,https://www.metmuseum.org/art/collection/search/40007,https://images.metmuseum.org/CRDImages/as/original/DP212993_4_CRD.jpg,https://images.metmuseum.org/CRDImages/as/web-large/DP212993_4_CRD.jpg,True,mi_youren_40007.jpg,mi_youren,1200.0,True,met_art_data/images/mi_youren_40007.jpg,met_collection_api_2026-04-09
451262,"""Great Hornbill"", Folio from the Shah Jahan Album",Mansur,Artist,recto: ca. 1540; verso: ca. 1615–20,,,"Ink, opaque watercolor, and gold on paper","H. 15 1/4 in. (38.7 cm)
W. 10 1/2 in. (26.7 cm)",Islamic Art,https://www.metmuseum.org/art/collection/search/451262,https://images.metmuseum.org/CRDImages/is/original/DP246533.jpg,https://images.metmuseum.org/CRDImages/is/web-large/DP246533.jpg,True,mansur_451262.jpg,mansur,1540.0,True,met_art_data/images/mansur_451262.jpg,met_collection_api_2026-04-09
437376,A Cat Stealing Fish,Giuseppe Recco,Artist,late 1660s,,,Oil on canvas,38 x 50 1/2 in. (96.5 x 128.3 cm),European Paintings,https://www.metmuseum.org/art/collection/search/437376,https://images.metmuseum.org/CRDImages/ep/original/DP-1149-001.jpg,https://images.metmuseum.org/CRDImages/ep/web-large/DP-1149-001.jpg,True,giuseppe_recco_437376.jpg,giuseppe_recco,1660.0,True,met_art_data/images/giuseppe_recco_437376.jpg,met_collection_api_2026-04-09
49187,Wangchuan Villa,Wang Yuanqi,Artist,dated 1711,Qing dynasty (1644–1911),China,Handscroll; ink and color on paper,"Image: 14 in. x 17 ft. 10 3/4 in. (35.6 x 545.5 cm)
Overall with mounting: 14 3/8 in. x 34 ft. 7 1/2 in. (36.5 x 1055.4 cm)",Asian Art,https://www.metmuseum.org/art/collection/search/49187,https://images.metmuseum.org/CRDImages/as/original/DP214271_CRD.jpg,https://images.metmuseum.org/CRDImages/as/web-large/DP214271_CRD.jpg,True,wang_yuanqi_49187.jpg,wang_yuanqi,1711.0,True,met_art_data/images/wang_yuanqi_49187.jpg,met_collection_api_2026-04-09
451726,"""Shaikh San'an beneath the Window of the Christian Maiden"", Folio18r  from a Mantiq al-Tayr (Language of the Birds)",Farid al-Din `Attar,Author,ca. 1600,,,"Opaque watercolor, silver, and gold on paper","Painting: H. 2 7/8 in. (7.4 cm)
                W. 4 1/2 in. (11.4 cm)
Page: H. 13 in. (33 cm)
          W. 8 1/2 in. (21.6 cm)
Mat: H. 19 1/4 in. (48.9 cm)
        W. 14 1/4 in. (36.2 cm)",Islamic Art,https://www.metmuseum.org/art/collection/search/451726,https://images.metmuseum.org/CRDImages/is/original/DP247743.jpg,https://images.metmuseum.org/CRDImages/is/web-large/DP247743.jpg,True,farid_aldin_attar_451726.jpg,farid_aldin_attar,1600.0,True,met_art_data/images/farid_aldin_attar_451726.jpg,met_collection_api_2026-04-09
40285,Poems on painting plum blossoms and bamboo,Zhao Mengjian,Artist,dated 1260,Southern Song dynasty (1127–1279),China,Handscroll; ink on paper,"Image: 13 3/8 in. × 11 ft. 7 in. (34 × 353.1 cm)
Overall with mounting: 13 5/8 in. × 40 ft. 5 11/16 in. (34.6 × 1233.6 cm)",Asian Art,https://www.metmuseum.org/art/collection/search/40285,https://images.metmuseum.org/CRDImages/as/original/DP146538_CRD.jpg,https://images.metmuseum.org/CRDImages/as/web-large/DP146538_CRD.jpg,True,zhao_mengjian_40285.jpg,zhao_mengjian,1260.0,True,met_art_data/images/zhao_mengjian_40285.jpg,met_collection_api_2026-04-09
202686,Longcase clock,Thomas Dickenson,Maker,ca. 1807,,,"Case: rosewood, coniferous wood veneered with mahogany and inlaid with bands of holly, stained holly and bone, and brass; Dial: painted enamel on copper with brass hour hands; Movement: brass and steel",Overall: 101 × 18 × 9 1/8 in. (256.5 × 45.7 × 23.2 cm),European Sculpture and Decorative Arts,https://www.metmuseum.org/art/collection/search/202686,https://images.metmuseum.org/CRDImages/es/original/DP346435.jpg,https://images.metmuseum.org/CRDImages/es/web-large/DP346435.jpg,True,thomas_dickenson_202686.jpg,thomas_dickenson,1807.0,True,met_art_data/images/thomas_dickenson_202686.jpg,met_collection_api_2026-04-09
453895,Youth and Dervish,Unknown Artist,,second quarter 17th century,,,"Ink, opaque watercolor, and gold on paper (tinted drawing)","H. 9 1/2 in. (24.1 cm)
W. 7in. (17.8 cm)",Islamic Art,https://www.metmuseum.org/art/collection/search/453895,https://images.metmuseum.org/CRDImages/is/original/DP299968.jpg,https://images.metmuseum.org/CRDImages/is/web-large/DP299968.jpg,True,unknown_artist_453895.jpg,unknown_artist,,True,met_art_data/images/unknown_artist_453895.jpg,met_collection_api_2026-04-09
452364,Mirror with Split-Leaf Palmette Design Inlaid with Gold,Unknown Artist,,early 16th century,,,"Iron, inlaid with gold; ivory","H. 9 3/8 in. (23.8 cm)
Diam. 4 3/4 in. (12.1 cm)
D. 1/8 in. (0.2 cm)",Islamic Art,https://www.metmuseum.org/art/collection/search/452364,https://images.metmuseum.org/CRDImages/is/original/DP170394.jpg,https://images.metmuseum.org/CRDImages/is/web-large/DP170394.jpg,True,unknown_artist_452364.jpg,unknown_artist,,True,met_art_data/images/unknown_artist_452364.jpg,met_collection_api_2026-04-09
451264,"""Jahangir and his Father, Akbar"", Folio from the Shah Jahan Album",Balachand,Artist,verso: ca. 1630; recto: ca.1540–50,,,"Ink, opaque watercolor, and gold on paper","H. 15 3/8 in. (39 cm)
W. 10 3/8 in. (26.3 cm)",Islamic Art,https://www.metmuseum.org/art/collection/search/451264,https://images.metmuseum.org/CRDImages/is/original/DP240813.jpg,https://images.metmuseum.org/CRDImages/is/web-large/DP240813.jpg,True,balachand_451264.jpg,balachand,1630.0,True,met_art_data/images/balachand_451264.jpg,met_collection_api_2026-04-09
337497,Studies for the Libyan Sibyl (recto); Studies for the Libyan Sibyl and a small Sketch for a Seated Figure (verso),Michelangelo Buonarroti,Artist,ca. 1510–11,,,"Red chalk, with small accents of white chalk on the left shoulder of the figure in the main study (recto); soft black chalk, or less probably charcoal (verso)","Sheet: 11 3/8 × 8 7/16 in. (28.9 × 21.4 cm)
Framed: 21 × 16 in. (53.3 × 40.6 cm)",Drawings and Prints,https://www.metmuseum.org/art/collection/search/337497,https://images.metmuseum.org/CRDImages/dp/original/DP826907.jpg,https://images.metmuseum.org/CRDImages/dp/web-large/DP826907.jpg,True,michelangelo_buonarroti_337497.jpg,michelangelo_buonarroti,1510.0,True,met_art_data/images/michelangelo_buonarroti_337497.jpg,met_collection_api_2026-04-09
845128,Chinese poem on seeking a reclusive life in the mountains,Yelan Xinggui,Artist,mid-17th century,Edo period (1615–1868),Japan,Hanging scroll; ink on paper,"Image: 49 × 10 3/4 in. (124.5 × 27.3 cm)
Overall with mounting: 80 3/16 × 17 3/4 in. (203.7 × 45.1 cm)
Overall with knobs: 80 3/16 × 20 1/8 in. (203.7 × 51.1 cm)",Asian Art,https://www.metmuseum.org/art/collection/search/845128,https://images.metmuseum.org/CRDImages/as/original/DP-21861-002.jpg,https://images.metmuseum.org/CRDImages/as/web-large/DP-21861-002.jpg,True,yelan_xinggui_845128.jpg,yelan_xinggui,,True,met_art_data/images/yelan_xinggui_845128.jpg,met_collection_api_2026-04-09
365958,Monsieur de St. George,William Ward,Engraver,"April 4, 1788",,,Mezzotint; third state of three,"plate: 14 7/8 x 10 7/8 in. (37.8 x 27.6 cm)
sheet: 16 1/2 x 12 5/16 in. (41.9 x 31.2 cm)",Drawings and Prints,https://www.metmuseum.org/art/collection/search/365958,https://images.metmuseum.org/CRDImages/dp/original/DP819235.jpg,https://images.metmuseum.org/CRDImages/dp/web-large/DP819235.jpg,True,william_ward_365958.jpg,william_ward,1788.0,True,met_art_data/images/william_ward_365958.jpg,met_collection_api_2026-04-09
733847,Famous Women,Gai Qi,Artist,dated 1799,Qing dynasty (1644–1911),China,Album of sixteen leaves; ink on paper,"Image (each): 9 3/4 × 6 5/8 in. (24.8 × 16.8 cm)
Double-page leaf (each): 12 3/8 × 16 in. (31.4 × 40.6 cm)",Asian Art,https://www.metmuseum.org/art/collection/search/733847,https://images.metmuseum.org/CRDImages/as/original/DP-14152-011.jpg,https://images.metmuseum.org/CRDImages/as/web-large/DP-14152-011.jpg,True,gai_qi_733847.jpg,gai_qi,1799.0,True,met_art_data/images/gai_qi_733847.jpg,met_collection_api_2026-04-09
437859,Portrait of a Woman,Giovanni di Francesco del Cervelliera,Artist,ca. 1445,,,Tempera on wood,16 1/4 x 12 1/4 in. (41.3 x 31.1 cm),European Paintings,https://www.metmuseum.org/art/collection/search/437859,https://images.metmuseum.org/CRDImages/ep/original/DP161259.jpg,https://images.metmuseum.org/CRDImages/ep/web-large/DP161259.jpg,True,giovanni_di_francesco_del_cervelliera_437859.jpg,giovanni_di_francesco_del_cervelliera,1445.0,True,met_art_data/images/giovanni_di_francesco_del_cervelliera_437859.jpg,met_collection_api_2026-04-09
200876,Potpourri jar,Louis Poterat Manufactory,Manufactory,ca. 1690–95,,,Soft-paste porcelain decorated in underglaze blue,Overall (confirmed): 5 x 5 x 5 in. (12.7 x 12.7 x 12.7 cm),European Sculpture and Decorative Arts,https://www.metmuseum.org/art/collection/search/200876,https://images.metmuseum.org/CRDImages/es/original/DP156491.jpg,https://images.metmuseum.org/CRDImages/es/web-large/DP156491.jpg,True,louis_poterat_manufactory_200876.jpg,louis_poterat_manufactory,1690.0,True,met_art_data/images/louis_poterat_manufactory_200876.jpg,met_collection_api_2026-04-09
451894,Pictorial Carpet,Unknown Artist,,17th century,,,"Silk (warp, weft, and pile), metal wrapped thread; asymmetrically knotted pile, brocaded","Rug: L. 91 1/2 in. (232.4 cm)
          W. 68 in. (172.7 cm)
Tube: Diam. 6 1/2 in. (16.5 cm)
           W. 82 in. (208.3 cm)",Islamic Art,https://www.metmuseum.org/art/collection/search/451894,https://images.metmuseum.org/CRDImages/is/original/DP169947.jpg,https://images.metmuseum.org/CRDImages/is/web-large/DP169947.jpg,True,unknown_artist_451894.jpg,unknown_artist,,True,met_art_data/images/unknown_artist_451894.jpg,met_collection_api_2026-04-09
451274,"""Haji Husain Bukhari"", Folio from the Shah Jahan Album",Unknown Artist,,recto: early 19th century; verso: later copy of 16th century original,,,"Ink, opaque watercolor, and gold on paper","H. 15 1/4 in. (38.7 cm)
W. 10 5/16 in. (26.2 cm)",Islamic Art,https://www.metmuseum.org/art/collection/search/451274,https://images.metmuseum.org/CRDImages/is/original/DP246556.jpg,https://images.metmuseum.org/CRDImages/is/web-large/DP246556.jpg,True,unknown_artist_451274.jpg,unknown_artist,,True,met_art_data/images/unknown_artist_451274.jpg,met_collection_api_2026-04-09
436522,A Benedictine Monk,Hugo van der Goes,Artist,,,,Oil on wood,"Overall 9 7/8 x 7 3/8 in. (25.1 x 18.7 cm), with added strip of 3/4 in. (1.9 cm) at right",European Paintings,https://www.metmuseum.org/art/collection/search/436522,https://images.metmuseum.org/CRDImages/ep/original/DP-19585-001.jpg,https://images.metmuseum.org/CRDImages/ep/web-large/DP-19585-001.jpg,True,hugo_van_der_goes_436522.jpg,hugo_van_der_goes,,True,met_art_data/images/hugo_van_der_goes_436522.jpg,met_collection_api_2026-04-09
39482,Mandala of Wakamiya of Kasuga Shrine (Kasuga wakamiya mandara),Unknown Artist,,early 14th century,Nanbokuchō period (1336–92),Japan,"Hanging scroll; ink, color, gold, and cut gold on silk","Image: 29 3/4 in. × 15 in. (75.6 × 38.1 cm)
Overall with mounting: 62 1/2 x 20 1/2 in. (158.8 x 52.1 cm)
Overall with knobs: 62 1/2 x 22 1/2 in. (158.8 x 57.2 cm)",Asian Art,https://www.metmuseum.org/art/collection/search/39482,https://images.metmuseum.org/CRDImages/as/original/DT374578.jpg,https://images.metmuseum.org/CRDImages/as/web-large/DT374578.jpg,True,unknown_artist_39482.jpg,unknown_artist,,True,met_art_data/images/unknown_artist_39482.jpg,met_collection_api_2026-04-09
436043,"Friedrich III (1463–1525), the Wise, Elector of Saxony",Lucas Cranach the Elder and Workshop,Artist,1533,,,"Oil on beech, with letterpress-printed paper labels",8 x 5 5/8 in. (20.3 x 14.3 cm),European Paintings,https://www.metmuseum.org/art/collection/search/436043,https://images.metmuseum.org/CRDImages/ep/original/DP278968.jpg,https://images.metmuseum.org/CRDImages/ep/web-large/DP278968.jpg,True,lucas_cranach_the_elder_and_workshop_436043.jpg,lucas_cranach_the_elder_and_workshop,1533.0,True,met_art_data/images/lucas_cranach_the_elder_and_workshop_436043.jpg,met_collection_api_2026-04-09
340575,Design Fragment for the Left Side of the 'Fonte Gaia' in Siena,Jacopo della Quercia (Jacopo di Pietro d’Angelo di Guarnieri),Artist,1415–16,,,"Pen and medium brown ink, brush and brown wash, over traces of leadpoint and ruling, on vellum, glued onto secondary paper support",7-13/16 x 8-7/16 in.  (20.1 x 21.4 cm),Drawings and Prints,https://www.metmuseum.org/art/collection/search/340575,https://images.metmuseum.org/CRDImages/dp/original/DP-26681-001.jpg,https://images.metmuseum.org/CRDImages/dp/web-large/DP-26681-001.jpg,True,jacopo_della_quercia_jacopo_di_pietro_dangelo_di_guarnieri_340575.jpg,jacopo_della_quercia_jacopo_di_pietro_dangelo_di_guarnieri,1415.0,True,met_art_data/images/jacopo_della_quercia_jacopo_di_pietro_dangelo_di_guarnieri_340575.jpg,met_collection_api_2026-04-09
39895,The Classic of Filial Piety,Li Gonglin,Artist,ca. 1085,Northern Song dynasty (960–1127),China,Handscroll; ink and color on silk,"Overall (a, painting): 8 5/8 x 187 1/4 in. (21.9 x 475.6 cm)
Overall (b, colophons): 10 3/8 x 208 5/8 in. (26.4 x 529.9 cm)
Overall (c, modern copy preserving seventeenth century silk restorations): 9 1/8 x 196 in. (23.2 x 497.8 cm)",Asian Art,https://www.metmuseum.org/art/collection/search/39895,https://images.metmuseum.org/CRDImages/as/original/DP151528.jpg,https://images.metmuseum.org/CRDImages/as/web-large/DP151528.jpg,True,li_gonglin_39895.jpg,li_gonglin,1085.0,True,met_art_data/images/li_gonglin_39895.jpg,met_collection_api_2026-04-09
436045,"Johann I (1468–1532), the Constant, Elector of Saxony",Lucas Cranach the Elder and Workshop,Artist,1532–33,,,"Oil on beech, with letterpress-printed paper labels",8 x 5 5/8 in. (20.3 x 14.3 cm),European Paintings,https://www.metmuseum.org/art/collection/search/436045,https://images.metmuseum.org/CRDImages/ep/original/DP278975.jpg,https://images.metmuseum.org/CRDImages/ep/web-large/DP278975.jpg,True,lucas_cranach_the_elder_and_workshop_436045.jpg,lucas_cranach_the_elder_and_workshop,1532.0,True,met_art_data/images/lucas_cranach_the_elder_and_workshop_436045.jpg,met_collection_api_2026-04-09
197742,Armchair (part of a set),Nicolas-Quinibert Foliot,Maker,ca. 1754–56,,,Carved and gilded beech; wool and silk tapestry,40 1/4 x 31 x 25 1/2 in. (102.2 x 78.7 x 64.8 cm),European Sculpture and Decorative Arts,https://www.metmuseum.org/art/collection/search/197742,https://images.metmuseum.org/CRDImages/es/original/152737.jpg,https://images.metmuseum.org/CRDImages/es/web-large/152737.jpg,True,nicolasquinibert_foliot_197742.jpg,nicolasquinibert_foliot,1754.0,True,met_art_data/images/nicolasquinibert_foliot_197742.jpg,met_collection_api_2026-04-09
197738,Settee (canapé) (part of a set),Nicolas-Quinibert Foliot,Maker,ca. 1754–56,,,Carved and gilded beech; wool and silk tapestry,44 x 92 1/2 x 32 in. (111.8 x 235 x 81.3 cm),European Sculpture and Decorative Arts,https://www.metmuseum.org/art/collection/search/197738,https://images.metmuseum.org/CRDImages/es/original/TP101.jpg,https://images.metmuseum.org/CRDImages/es/web-large/TP101.jpg,True,nicolasquinibert_foliot_197738.jpg,nicolasquinibert_foliot,1754.0,True,met_art_data/images/nicolasquinibert_foliot_197738.jpg,met_collection_api_2026-04-09
197740,Armchair (part of a set),Nicolas-Quinibert Foliot,Maker,ca. 1754–56,,,Carved and gilded beech; wool and silk tapestry,40 1/2 x 30 3/4 x 24 3/4 in. (102.9 x 78.1 x 62.9 cm),European Sculpture and Decorative Arts,https://www.metmuseum.org/art/collection/search/197740,https://images.metmuseum.org/CRDImages/es/original/152736.jpg,https://images.metmuseum.org/CRDImages/es/web-large/152736.jpg,True,nicolasquinibert_foliot_197740.jpg,nicolasquinibert_foliot,1754.0,True,met_art_data/images/nicolasquinibert_foliot_197740.jpg,met_collection_api_2026-04-09
197744,Armchair (part of a set),Nicolas-Quinibert Foliot,Maker,ca. 1754–56,,,Carved and gilded beech; wool and silk tapestry,40 x 30 1/2 x 25 in. (101.6 x 77.5 x 63.5 cm),European Sculpture and Decorative Arts,https://www.metmuseum.org/art/collection/search/197744,https://images.metmuseum.org/CRDImages/es/original/152739.jpg,https://images.metmuseum.org/CRDImages/es/web-large/152739.jpg,True,nicolasquinibert_foliot_197744.jpg,nicolasquinibert_foliot,1754.0,True,met_art_data/images/nicolasquinibert_foliot_197744.jpg,met_collection_api_2026-04-09
450761,Mold Fragment with Musicians,Unknown Artist,,late 11th–early 12th century,,,Earthenware; carved,"48.101.5a and b:  
                                H. 6 3/8 in. (16.2 cm)
                                W. 6 5/16 in. (16 cm) 
                                D. 3 5/16 in. (8.4 cm)
                                Wt. 23.9 oz. (677.7 g)
48.101.5c: 
                                 H. 5 7/16 in. (13.8 cm)
                     W. 5 5/16 in. (13.5 cm)
                     D. 2 3/4 in. (7 cm)
  Wt. 12.2 oz. (345.9 g)",Islamic Art,https://www.metmuseum.org/art/collection/search/450761,https://images.metmuseum.org/CRDImages/is/original/DP367585.jpg,https://images.metmuseum.org/CRDImages/is/web-large/DP367585.jpg,True,unknown_artist_450761.jpg,unknown_artist,,True,met_art_data/images/unknown_artist_450761.jpg,met_collection_api_2026-04-09
204692,Seated male figure,Unknown Artist,,mid-16th century,,,Bronze,"Overall figure, confirmed: 15 3/4 × 12 3/4 × 19 1/4 in. (40 × 32.4 × 48.9 cm)
Max dims, as mounted on base, confirmed: 22 1/4 × 12 1/2 × 21 1/2 in., 32.2 lb. (56.5 × 31.8 × 54.6 cm, 14.6 kg)
Base only, confirmed: 10 1/8 in. × 12 1/2 in. × 10 in. (25.7 × 31.8 × 25.4 cm)",European Sculpture and Decorative Arts,https://www.metmuseum.org/art/collection/search/204692,https://images.metmuseum.org/CRDImages/es/original/DP-12316-001.jpg,https://images.metmuseum.org/CRDImages/es/web-large/DP-12316-001.jpg,True,unknown_artist_204692.jpg,unknown_artist,,True,met_art_data/images/unknown_artist_204692.jpg,met_collection_api_2026-04-09
53194,The Tale of Sumiyoshi,Unknown Artist,,late 13th century,Kamakura period (1185–1333),Japan,"a) Painting section from a handscroll mounted as a hanging scroll; ink and color on paper
b) Calligraphy from handscroll section mounted as a hanging scroll; ink on paper","Image (a): 11 3/4 × 28 1/16 in. (29.8 × 71.3 cm)
Overall with mounting (a): 47 13/16 × 33 7/16 in. (121.5 × 85 cm)
Overall with knobs (a): 47 13/16 × 35 9/16 in. (121.5 × 90.3 cm)
Image (b): 11 15/16 × 3 1/4 in. (30.3 × 8.2 cm)
Overall with mounting (b): 49 7/16 × 10 7/16 in. (125.5 × 26.5 cm)
Overall with knobs (b): 49 7/16 × 35 9/16 in. (125.5 × 90.3 cm)",Asian Art,https://www.metmuseum.org/art/collection/search/53194,https://images.metmuseum.org/CRDImages/as/original/DP361137.jpg,https://images.metmuseum.org/CRDImages/as/web-large/DP361137.jpg,True,unknown_artist_53194.jpg,unknown_artist,,True,met_art_data/images/unknown_artist_53194.jpg,met_collection_api_2026-04-09
233024,Upholstery panels for a settee,Unknown Artist,,ca. 1763–64,,,"Silk, painted","b: 57 3/4 x 23 1/2
c: 55 1/2 x 22 1/2
d: 65 1/2 x 27 1/2",European Sculpture and Decorative Arts,https://www.metmuseum.org/art/collection/search/233024,https://images.metmuseum.org/CRDImages/es/original/204811.jpg,https://images.metmuseum.org/CRDImages/es/web-large/204811.jpg,True,unknown_artist_233024.jpg,unknown_artist,1763.0,True,met_art_data/images/unknown_artist_233024.jpg,met_collection_api_2026-04-09
233023,Upholstery panels for a settee,Unknown Artist,,ca. 1763–64,,,"Silk, painted","b: 57 x 24
c: 55 x 24
d: 65 x 27",European Sculpture and Decorative Arts,https://www.metmuseum.org/art/collection/search/233023,https://images.metmuseum.org/CRDImages/es/original/204811.jpg,https://images.metmuseum.org/CRDImages/es/web-large/204811.jpg,True,unknown_artist_233023.jpg,unknown_artist,1763.0,True,met_art_data/images/unknown_artist_233023.jpg,met_collection_api_2026-04-09
40512,Song of the Stone Drums,Xianyu Shu,Artist,dated 1301,Yuan dynasty (1271–1368),China,Handscroll; ink on paper,"Image: 17 11/16 in. x 15 ft. 1 1/16 in. (44.9 x 459.9 cm)
Overall with mounting: 18 in. x 38 ft. 11 3/16 in. (45.7 x 1186.7 cm)",Asian Art,https://www.metmuseum.org/art/collection/search/40512,https://images.metmuseum.org/CRDImages/as/original/DP230507_CRD.jpg,https://images.metmuseum.org/CRDImages/as/web-large/DP230507_CRD.jpg,True,xianyu_shu_40512.jpg,xianyu_shu,1301.0,True,met_art_data/images/xianyu_shu_40512.jpg,met_collection_api_2026-04-09
451289,"""Unwan"", Folio from the Shah Jahan Album",Mir 'Ali Haravi,Calligrapher,recto and verso: ca. 1630–40,,,"Ink, opaque watercolor, and gold on paper","H. 15 1/4 in. (38.7 cm)
W. 10 1/4 in. (26 cm)",Islamic Art,https://www.metmuseum.org/art/collection/search/451289,https://images.metmuseum.org/CRDImages/is/original/DP247712.jpg,https://images.metmuseum.org/CRDImages/is/web-large/DP247712.jpg,True,mir_ali_haravi_451289.jpg,mir_ali_haravi,1630.0,True,met_art_data/images/mir_ali_haravi_451289.jpg,met_collection_api_2026-04-09
437936,Ariadne,George Frederic Watts,Artist,1894,,,Oil on canvas,24 x 20 in. (61 x 50.8 cm),European Paintings,https://www.metmuseum.org/art/collection/search/437936,https://images.metmuseum.org/CRDImages/ep/original/DP169627.jpg,https://images.metmuseum.org/CRDImages/ep/web-large/DP169627.jpg,True,george_frederic_watts_437936.jpg,george_frederic_watts,1894.0,True,met_art_data/images/george_frederic_watts_437936.jpg,met_collection_api_2026-04-09
338422,Head of a Woman Looking to Upper Left,Annibale Carracci,Artist,1590–1600,,,"Charcoal, highlighted with white chalk, on blue paper faded light- brown",sheet: 16 15/16 x 14 1/16 in. (43 x 35.7 cm),Drawings and Prints,https://www.metmuseum.org/art/collection/search/338422,https://images.metmuseum.org/CRDImages/dp/original/DP807126.jpg,https://images.metmuseum.org/CRDImages/dp/web-large/DP807126.jpg,True,annibale_carracci_338422.jpg,annibale_carracci,1590.0,True,met_art_data/images/annibale_carracci_338422.jpg,met_collection_api_2026-04-09
775454,Valentine with lace paper and faux pearls,Esther Howland,Artist,ca. 1855,,,"Cameo-embossed lace paper, chromolithographed die-cuts, faux pearls, blue satin, white satin ribbon, gold paper stars, graphite, ink, watercolor",Sheet: 9 1/8 × 7 7/8 in. (23.2 × 20 cm),Drawings and Prints,https://www.metmuseum.org/art/collection/search/775454,https://images.metmuseum.org/CRDImages/dp/original/DP-14967-005.jpg,https://images.metmuseum.org/CRDImages/dp/web-large/DP-14967-005.jpg,True,esther_howland_775454.jpg,esther_howland,1855.0,True,met_art_data/images/esther_howland_775454.jpg,met_collection_api_2026-04-09
197741,Armchair (part of a set),Nicolas-Quinibert Foliot,Maker,ca. 1754–56,,,Carved and gilded beech; wool and silk tapestry,40 1/4 x 31 x 25 in. (102.2 x 78.7 x 63.5 cm),European Sculpture and Decorative Arts,https://www.metmuseum.org/art/collection/search/197741,https://images.metmuseum.org/CRDImages/es/original/152178.jpg,https://images.metmuseum.org/CRDImages/es/web-large/152178.jpg,True,nicolasquinibert_foliot_197741.jpg,nicolasquinibert_foliot,1754.0,True,met_art_data/images/nicolasquinibert_foliot_197741.jpg,met_collection_api_2026-04-09
197743,Armchair (part of a set),Nicolas-Quinibert Foliot,Maker,ca. 1754–56,,,Carved and gilded beech; wool and silk tapestry,40 5/8 x 29 3/4 x 25 1/2 in. (103.2 x 75.6 x 64.8 cm),European Sculpture and Decorative Arts,https://www.metmuseum.org/art/collection/search/197743,https://images.metmuseum.org/CRDImages/es/original/152738.jpg,https://images.metmuseum.org/CRDImages/es/web-large/152738.jpg,True,nicolasquinibert_foliot_197743.jpg,nicolasquinibert_foliot,1754.0,True,met_art_data/images/nicolasquinibert_foliot_197743.jpg,met_collection_api_2026-04-09
197739,Armchair (part of a set),Nicolas-Quinibert Foliot,Maker,ca. 1754–56,,,"Carved and gilded beech, wool and silk tapestry",41 x 30 1/2 x 26 in. (104.1 x 77.5 x 66 cm),European Sculpture and Decorative Arts,https://www.metmuseum.org/art/collection/search/197739,https://images.metmuseum.org/CRDImages/es/original/152177.jpg,https://images.metmuseum.org/CRDImages/es/web-large/152177.jpg,True,nicolasquinibert_foliot_197739.jpg,nicolasquinibert_foliot,1754.0,True,met_art_data/images/nicolasquinibert_foliot_197739.jpg,met_collection_api_2026-04-09
436413,Christ Bearing the Cross,Northern French Painter,Artist,,,,Oil on wood,14 3/4 x 10 5/8 in. (37.5 x 27 cm),European Paintings,https://www.metmuseum.org/art/collection/search/436413,https://images.metmuseum.org/CRDImages/ep/original/ep32.100.112.bw.R.jpg,https://images.metmuseum.org/CRDImages/ep/web-large/ep32.100.112.bw.R.jpg,True,northern_french_painter_436413.jpg,northern_french_painter,,True,met_art_data/images/northern_french_painter_436413.jpg,met_collection_api_2026-04-09
697201,"The West Wind, Lynmouth",Sir Edward John Poynter,Artist,1866,,,Watercolor and gouache (bodycolor),Sheet: 12 in. × 18 1/4 in. (30.5 × 46.4 cm),Drawings and Prints,https://www.metmuseum.org/art/collection/search/697201,https://images.metmuseum.org/CRDImages/dp/original/DP854935.jpg,https://images.metmuseum.org/CRDImages/dp/web-large/DP854935.jpg,True,sir_edward_john_poynter_697201.jpg,sir_edward_john_poynter,1866.0,True,met_art_data/images/sir_edward_john_poynter_697201.jpg,met_collection_api_2026-04-09
53633,Autumn Trees and Grasses by a Stream,Unknown Artist,,late 17th–early 18th century,Edo period (1615–1868),Japan,"One of a pair of six-panel folding screens; ink, color, gold, and silver on paper",48 in. x 10 ft. 3 in. (121.9 x 312.4 cm),Asian Art,https://www.metmuseum.org/art/collection/search/53633,https://images.metmuseum.org/CRDImages/as/original/DP211889.jpg,https://images.metmuseum.org/CRDImages/as/web-large/DP211889.jpg,True,unknown_artist_53633.jpg,unknown_artist,,True,met_art_data/images/unknown_artist_53633.jpg,met_collection_api_2026-04-09
435678,The Temptation of Saint Anthony,Herri met de Bles,Artist,ca. 1550–60,,,Oil on wood,Overall 8 7/8 x 13 3/4 in. (22.5 x 34.9 cm); painted surface 8 1/2 x 13 3/8 in. (21.6 x 34 cm),European Paintings,https://www.metmuseum.org/art/collection/search/435678,https://images.metmuseum.org/CRDImages/ep/original/DP235224.jpg,https://images.metmuseum.org/CRDImages/ep/web-large/DP235224.jpg,True,herri_met_de_bles_435678.jpg,herri_met_de_bles,1550.0,True,met_art_data/images/herri_met_de_bles_435678.jpg,met_collection_api_2026-04-09
485541,Head of the Artist's Mother,Umberto Boccioni,Artist,1915,,,Pen and black ink and wash and graphite on paper,12 1/4 × 9 1/2 in. (31.1 × 24.1 cm),Modern and Contemporary Art,https://www.metmuseum.org/art/collection/search/485541,https://images.metmuseum.org/CRDImages/ma/original/LC-1990_38_30_overall_20250109_003.jpg,https://images.metmuseum.org/CRDImages/ma/web-large/LC-1990_38_30_overall_20250109_003.jpg,True,umberto_boccioni_485541.jpg,umberto_boccioni,1915.0,True,met_art_data/images/umberto_boccioni_485541.jpg,met_collection_api_2026-04-09
231000,Four upholstery panels for a settee,Beauvais,Manufactory,1754–56,,,Wool and silk,"a: 28 × 82 in. (71.1 × 208.3 cm)
b: 36 × 92 in. (91.4 × 233.7 cm)
c and d: 15 × 17 in. (38.1 × 43.2 cm)",European Sculpture and Decorative Arts,https://www.metmuseum.org/art/collection/search/231000,https://images.metmuseum.org/CRDImages/es/original/DP221524.jpg,https://images.metmuseum.org/CRDImages/es/web-large/DP221524.jpg,True,beauvais_231000.jpg,beauvais,1754.0,True,met_art_data/images/beauvais_231000.jpg,met_collection_api_2026-04-09
437896,The Missionary's Adventures,Jean-Georges Vibert,Artist,ca. 1883,,,Oil on wood,39 x 53 in. (99.1 x 134.6 cm),European Paintings,https://www.metmuseum.org/art/collection/search/437896,https://images.metmuseum.org/CRDImages/ep/original/EP1435.jpg,https://images.metmuseum.org/CRDImages/ep/web-large/EP1435.jpg,True,jeangeorges_vibert_437896.jpg,jeangeorges_vibert,1883.0,True,met_art_data/images/jeangeorges_vibert_437896.jpg,met_collection_api_2026-04-09
435880,Rocks at Fontainebleau,Paul Cézanne,Artist,1890s,,,Oil on canvas,28 7/8 x 36 3/8 in. (73.3 x 92.4 cm),European Paintings,https://www.metmuseum.org/art/collection/search/435880,https://images.metmuseum.org/CRDImages/ep/original/DP-23704-001.jpg,https://images.metmuseum.org/CRDImages/ep/web-large/DP-23704-001.jpg,True,paul_czanne_435880.jpg,paul_czanne,1890.0,True,met_art_data/images/paul_czanne_435880.jpg,met_collection_api_2026-04-09
435683,Island of the Dead,Arnold Böcklin,Artist,1880,,,Oil on wood,29 x 48 in. (73.7 x 121.9 cm),European Paintings,https://www.metmuseum.org/art/collection/search/435683,https://images.metmuseum.org/CRDImages/ep/original/DP-14201-003.jpg,https://images.metmuseum.org/CRDImages/ep/web-large/DP-14201-003.jpg,True,arnold_bcklin_435683.jpg,arnold_bcklin,1880.0,True,met_art_data/images/arnold_bcklin_435683.jpg,met_collection_api_2026-04-09
57344,White Poppies on Gold Ground,Ogata Kōrin,Artist,,Edo period (1615–1868),Japan,Six-panel folding screen; color on paper,67 in. × 12 ft. 7 in. (170.2 × 383.5 cm),Asian Art,https://www.metmuseum.org/art/collection/search/57344,https://images.metmuseum.org/CRDImages/as/original/DP-27193-001.jpg,https://images.metmuseum.org/CRDImages/as/web-large/DP-27193-001.jpg,True,ogata_krin_57344.jpg,ogata_krin,,True,met_art_data/images/ogata_krin_57344.jpg,met_collection_api_2026-04-09
436046,"Johann I (1468–1532), the Constant, Elector of Saxony",Lucas Cranach the Elder,Artist,1532–33,,,"Oil on canvas, transferred from wood, with letterpress-printed paper labels",8 1/4 x 5 7/8 in. (21 x 14.9 cm),European Paintings,https://www.metmuseum.org/art/collection/search/436046,https://images.metmuseum.org/CRDImages/ep/original/DP280599.jpg,https://images.metmuseum.org/CRDImages/ep/web-large/DP280599.jpg,True,lucas_cranach_the_elder_436046.jpg,lucas_cranach_the_elder,1532.0,True,met_art_data/images/lucas_cranach_the_elder_436046.jpg,met_collection_api_2026-04-09
436797,The Holy Family,Joos van Cleve,Artist,ca. 1525,,,Oil on wood,20 3/8 x 14 5/8 in. (51.8 x 37.1 cm),European Paintings,https://www.metmuseum.org/art/collection/search/436797,https://images.metmuseum.org/CRDImages/ep/original/DT243291.jpg,https://images.metmuseum.org/CRDImages/ep/web-large/DT243291.jpg,True,joos_van_cleve_436797.jpg,joos_van_cleve,1525.0,True,met_art_data/images/joos_van_cleve_436797.jpg,met_collection_api_2026-04-09
436523,The Adoration of the Magi,Hugo van der Goes,Artist,,,,Oil on wood,29 1/8 x 25 5/8 in. (74 x 65.1 cm),European Paintings,https://www.metmuseum.org/art/collection/search/436523,https://images.metmuseum.org/CRDImages/ep/original/DP332733.jpg,https://images.metmuseum.org/CRDImages/ep/web-large/DP332733.jpg,True,hugo_van_der_goes_436523.jpg,hugo_van_der_goes,,True,met_art_data/images/hugo_van_der_goes_436523.jpg,met_collection_api_2026-04-09
